image_path,class_name,crop,disease,temperature_c,humidity_pct,disease_percentage
/kaggle/input/plantdisease/PlantVillage/Tomato_Bacterial_spot/12071472-8b0f-494e-994e-8abff2082ec4___GCREC_Bact.Sp 6130.JPG,Tomato_Bacterial_spot,Tomato,bacterial spot,28.1728415,93.0226425,18.54676047
/kaggle/input/plantdisease/PlantVillage/Tomato_Bacterial_spot/e797fd83-e984-4df6-a3a2-c19a95d19576___GCREC_Bact.Sp 3425.JPG,Tomato_Bacterial_spot,Tomato,bacterial spot,24.92252994,81.71310856,18.73386403
/kaggle/input/plantdisease/PlantVillage/Tomato_Bacterial_spot/7334e742-de72-4561-9b0d-cdd8bc3313e7___GCREC_Bact.Sp 3066.JPG,Tomato_Bacterial_spot,Tomato,bacterial spot,22.59082235,81.90502072,11.62520782
/kaggle/input/plantdisease/PlantVillage/Tomato_Bacterial_spot/927b90a6-6318-47b0-93fd-a1c33d2d36c5___GCREC_Bact.Sp 3641.JPG,Tomato_Bacterial_spot,Tomato,bacterial spot,21.85016185,96.09777531,20.54090488
/kaggle/input/plantdisease/PlantVillage/Tomato_Bacterial_spot/475758ba-01a6-41f7-abe4-81f2fff399b4___UF.GRC_BS_Lab Leaf 9185.JPG,Tomato_Bacterial_spot,Tomato,bacterial spot,25.10194405,89.10236786,8.866790305
/kaggle/input/plantdisease/PlantVillage/Tomato_Bacterial_spot/d78cf219-53eb-4269-830d-e1822caa8fdd___GCREC_Bact.Sp 5755.JPG,Tomato_Bacterial_spot,Tomato,bacterial spot,28.80944681,99.75295054,11.9363316
/kaggle/input/plantdisease/PlantVillage/Tomato_Bacterial_spot/f8efccbd-9721-4291-a095-9fb29527bbc4___UF.GRC_BS_Lab Leaf 0235.JPG,Tomato_Bacterial_spot,Tomato,bacterial spot,27.82074262,89.10163771,8.036257452
/kaggle/input/plantdisease/PlantVillage/Tomato_Bacterial_spot/42deb15b-6443-4d2e-9a45-023052ce4974___GCREC_Bact.Sp 3077.JPG,Tomato_Bacterial_spot,Tomato,bacterial spot,21.42913976,85.00347794,12.10624551
/kaggle/input/plantdisease/PlantVillage/Tomato_Bacterial_spot/b0a74f61-0012-4b6c-b528-bbce1b79c588___GCREC_Bact.Sp 3805.JPG,Tomato_Bacterial_spot,Tomato,bacterial spot,20.28655491,81.96723818,13.59768296
/kaggle/input/plantdisease/PlantVillage/Tomato_Bacterial_spot/5bbb489c-d164-4e67-a965-6ab33a754d3f___GCREC_Bact.Sp 3016.JPG,Tomato_Bacterial_spot,Tomato,bacterial spot,27.08741116,97.48818342,10.18107518
/kaggle/input/plantdisease/PlantVillage/Tomato_Bacterial_spot/cd14eb9f-28be-44fb-8687-a7469f5a88b8___GCREC_Bact.Sp 5740.JPG,Tomato_Bacterial_spot,Tomato,bacterial spot,29.50949696,93.58342916,21.71205928
/kaggle/input/plantdisease/PlantVillage/Tomato_Bacterial_spot/6dbfe52b-be4e-47e2-9fe6-19d536d3a67a___GCREC_Bact.Sp 3164.JPG,Tomato_Bacterial_spot,Tomato,bacterial spot,28.84158046,80.04700442,14.96037609
/kaggle/input/plantdisease/PlantVillage/Tomato_Bacterial_spot/e1ee0df9-7ad3-47f4-ba57-0e243101a657___GCREC_Bact.Sp 3702.JPG,Tomato_Bacterial_spot,Tomato,bacterial spot,20.93779607,93.72748624,12.19287078
/kaggle/input/plantdisease/PlantVillage/Tomato_Bacterial_spot/45b562f0-a975-4c93-a705-699d7cc977bc___GCREC_Bact.Sp 5733.JPG,Tomato_Bacterial_spot,Tomato,bacterial spot,24.50516511,98.17150011,9.128664276
/kaggle/input/plantdisease/PlantVillage/Tomato_Bacterial_spot/ecba62cb-3f58-4de1-90a3-94e0ae818bc6___UF.GRC_BS_Lab Leaf 9124.JPG,Tomato_Bacterial_spot,Tomato,bacterial spot,21.47473577,83.35581736,14.16179932
/kaggle/input/plantdisease/PlantVillage/Tomato_Bacterial_spot/1061c5d5-6c61-40a6-b8e7-4cc735109f94___GCREC_Bact.Sp 3341.JPG,Tomato_Bacterial_spot,Tomato,bacterial spot,21.75211779,99.0639671,7.595163779
/kaggle/input/plantdisease/PlantVillage/Tomato_Bacterial_spot/2a377230-f904-4646-95da-76e242051242___GCREC_Bact.Sp 3085.JPG,Tomato_Bacterial_spot,Tomato,bacterial spot,22.69477641,91.33441704,16.05119401
/kaggle/input/plantdisease/PlantVillage/Tomato_Bacterial_spot/46638af1-9027-42c5-a5c0-03d6b684f975___UF.GRC_BS_Lab Leaf 0217.JPG,Tomato_Bacterial_spot,Tomato,bacterial spot,23.00157748,94.55718168,18.4333391
/kaggle/input/plantdisease/PlantVillage/Tomato_Bacterial_spot/d4e4f6a5-f887-48b1-83d5-44e6f834cab4___GCREC_Bact.Sp 6064.JPG,Tomato_Bacterial_spot,Tomato,bacterial spot,28.68243771,99.46880228,20.49614884
/kaggle/input/plantdisease/PlantVillage/Tomato_Bacterial_spot/68b7d7af-1071-42db-80b7-2d46261b9dff___GCREC_Bact.Sp 6132.JPG,Tomato_Bacterial_spot,Tomato,bacterial spot,22.41204475,90.21270615,22.59143879
/kaggle/input/plantdisease/PlantVillage/Tomato_Bacterial_spot/b7b5399c-fbd6-4435-8523-80e9166f1d6a___GCREC_Bact.Sp 6001.JPG,Tomato_Bacterial_spot,Tomato,bacterial spot,21.53013367,94.84396612,13.11430899
/kaggle/input/plantdisease/PlantVillage/Tomato_Bacterial_spot/2f3e2c44-a83b-4f72-a831-ac42aec1020e___UF.GRC_BS_Lab Leaf 0211.JPG,Tomato_Bacterial_spot,Tomato,bacterial spot,22.54333093,90.3698594,20.01010808
/kaggle/input/plantdisease/PlantVillage/Tomato_Bacterial_spot/8897f549-538f-46d9-a2f7-53eb07e7f89d___UF.GRC_BS_Lab Leaf 8885.JPG,Tomato_Bacterial_spot,Tomato,bacterial spot,27.43343453,91.10108712,14.61512086
/kaggle/input/plantdisease/PlantVillage/Tomato_Bacterial_spot/d4f3d9f0-b02e-4632-bf9d-6aefdcd4bae3___GCREC_Bact.Sp 3843.JPG,Tomato_Bacterial_spot,Tomato,bacterial spot,26.51908268,94.67083203,14.79921217
/kaggle/input/plantdisease/PlantVillage/Tomato_Bacterial_spot/16467af5-6cd6-47c8-b3bc-405dc68a462d___GCREC_Bact.Sp 3258.JPG,Tomato_Bacterial_spot,Tomato,bacterial spot,23.10744362,94.83165835,14.61917524
/kaggle/input/plantdisease/PlantVillage/Tomato_Bacterial_spot/389409f8-30ae-46b3-960f-7b4936fc8ca5___GCREC_Bact.Sp 6021.JPG,Tomato_Bacterial_spot,Tomato,bacterial spot,28.58650309,93.2863694,16.9651111
/kaggle/input/plantdisease/PlantVillage/Tomato_Bacterial_spot/954e415f-a2ae-42ba-ac21-fdd41da95ff2___GCREC_Bact.Sp 5935.JPG,Tomato_Bacterial_spot,Tomato,bacterial spot,28.3528637,86.81525825,15.68541172
/kaggle/input/plantdisease/PlantVillage/Tomato_Bacterial_spot/0f57cc30-af42-4543-9a67-b27eda784325___UF.GRC_BS_Lab Leaf 9260.JPG,Tomato_Bacterial_spot,Tomato,bacterial spot,20.13512222,94.8640232,14.94140044
/kaggle/input/plantdisease/PlantVillage/Tomato_Bacterial_spot/b1dd4d7d-40ab-40bc-8246-5dabfac9dbd9___GCREC_Bact.Sp 3488.JPG,Tomato_Bacterial_spot,Tomato,bacterial spot,24.8893453,88.98569435,8.87257342
/kaggle/input/plantdisease/PlantVillage/Tomato_Bacterial_spot/0c09c121-e945-4b7e-acbf-dff4e0d01acb___GCREC_Bact.Sp 3379.JPG,Tomato_Bacterial_spot,Tomato,bacterial spot,21.30711456,93.06632727,16.83220497
/kaggle/input/plantdisease/PlantVillage/Tomato_Bacterial_spot/13a0b443-c0b3-45fe-a22d-965a87a9b45e___GCREC_Bact.Sp 3108.JPG,Tomato_Bacterial_spot,Tomato,bacterial spot,27.95886124,97.3336525,10.95597525
/kaggle/input/plantdisease/PlantVillage/Tomato_Bacterial_spot/357e7fb6-0d3f-44f5-9f13-ae84759da804___UF.GRC_BS_Lab Leaf 0525.JPG,Tomato_Bacterial_spot,Tomato,bacterial spot,21.14469242,98.0152696,20.90336134
/kaggle/input/plantdisease/PlantVillage/Tomato_Bacterial_spot/a9045c2f-df74-4d31-8e2f-f3ce3d6753e2___GCREC_Bact.Sp 3026.JPG,Tomato_Bacterial_spot,Tomato,bacterial spot,29.88593441,97.60506972,11.32247175
/kaggle/input/plantdisease/PlantVillage/Tomato_Bacterial_spot/38ef51e1-c793-4a6c-b17d-e066bcd533c8___GCREC_Bact.Sp 5639.JPG,Tomato_Bacterial_spot,Tomato,bacterial spot,28.67617401,98.8939632,16.08481082
/kaggle/input/plantdisease/PlantVillage/Tomato_Bacterial_spot/87cfe0ca-e9cc-4a35-a01e-ffe71eab482c___GCREC_Bact.Sp 6133.JPG,Tomato_Bacterial_spot,Tomato,bacterial spot,20.67276245,87.19940308,11.55083285
/kaggle/input/plantdisease/PlantVillage/Tomato_Bacterial_spot/9a9e2a16-a9b3-44b9-8de8-be36b76b03ee___GCREC_Bact.Sp 5549.JPG,Tomato_Bacterial_spot,Tomato,bacterial spot,22.48702002,86.26326517,8.872434813
/kaggle/input/plantdisease/PlantVillage/Tomato_Bacterial_spot/970fcaf8-57a8-4219-810b-291ef0283e7a___UF.GRC_BS_Lab Leaf 9285.JPG,Tomato_Bacterial_spot,Tomato,bacterial spot,25.88160056,99.27320878,9.176145828
/kaggle/input/plantdisease/PlantVillage/Tomato_Bacterial_spot/744d7841-7130-4c98-b20f-0f6581115783___GCREC_Bact.Sp 5618.JPG,Tomato_Bacterial_spot,Tomato,bacterial spot,23.71321827,87.13046287,15.45457367
/kaggle/input/plantdisease/PlantVillage/Tomato_Bacterial_spot/55ab0db9-5d18-4634-ab2a-db1a2c3f4299___UF.GRC_BS_Lab Leaf 1032.JPG,Tomato_Bacterial_spot,Tomato,bacterial spot,24.55314091,96.16751769,19.87560193
/kaggle/input/plantdisease/PlantVillage/Tomato_Bacterial_spot/bab7f756-d2e7-483e-8155-2bead1b5f4ce___GCREC_Bact.Sp 6313.JPG,Tomato_Bacterial_spot,Tomato,bacterial spot,24.97644809,96.54526897,12.52023935
/kaggle/input/plantdisease/PlantVillage/Tomato_Bacterial_spot/841ea726-5c4a-4447-9f56-0eda38f002d2___GCREC_Bact.Sp 3388.JPG,Tomato_Bacterial_spot,Tomato,bacterial spot,23.72873903,81.35693199,5.863702878
/kaggle/input/plantdisease/PlantVillage/Tomato_Bacterial_spot/ecc30297-bfb6-4e9e-8b3e-f29ca20cffa7___UF.GRC_BS_Lab Leaf 8904.JPG,Tomato_Bacterial_spot,Tomato,bacterial spot,29.14763135,86.87105012,17.67307574
/kaggle/input/plantdisease/PlantVillage/Tomato_Bacterial_spot/1a50d84b-c015-45ea-a041-500d5adcc339___UF.GRC_BS_Lab Leaf 8773.JPG,Tomato_Bacterial_spot,Tomato,bacterial spot,21.6991875,95.82309039,18.30999738
/kaggle/input/plantdisease/PlantVillage/Tomato_Bacterial_spot/8491569f-a7d8-453c-86ae-c2accdc964c9___GCREC_Bact.Sp 5943.JPG,Tomato_Bacterial_spot,Tomato,bacterial spot,27.54087642,86.61117355,11.51194782
/kaggle/input/plantdisease/PlantVillage/Tomato_Bacterial_spot/f073c2a6-ac26-49d4-a76d-049abbdb2cfa___GCREC_Bact.Sp 3067.JPG,Tomato_Bacterial_spot,Tomato,bacterial spot,28.21954053,83.26714806,11.70548639
/kaggle/input/plantdisease/PlantVillage/Tomato_Bacterial_spot/e4404de4-7958-4e77-a7ed-664dd0d7f2c9___GCREC_Bact.Sp 5906.JPG,Tomato_Bacterial_spot,Tomato,bacterial spot,24.02139414,94.8612123,19.43299722
/kaggle/input/plantdisease/PlantVillage/Tomato_Bacterial_spot/0c9b7dd9-a0c7-4b6e-bb4d-b2e3cab833d0___GCREC_Bact.Sp 6081.JPG,Tomato_Bacterial_spot,Tomato,bacterial spot,23.25572398,94.26077476,22.54641027
/kaggle/input/plantdisease/PlantVillage/Tomato_Bacterial_spot/4d036bc9-ce94-4da8-af1b-564b2846fbf8___GCREC_Bact.Sp 5789.JPG,Tomato_Bacterial_spot,Tomato,bacterial spot,27.22281293,88.64493153,16.16477957
/kaggle/input/plantdisease/PlantVillage/Tomato_Bacterial_spot/d917a80d-e9b2-4c64-85ba-60014b11c757___GCREC_Bact.Sp 3588.JPG,Tomato_Bacterial_spot,Tomato,bacterial spot,22.47334237,83.58938161,8.254021448
/kaggle/input/plantdisease/PlantVillage/Tomato_Bacterial_spot/bba175d5-0107-4ea9-b485-00d169678afd___GCREC_Bact.Sp 6380.JPG,Tomato_Bacterial_spot,Tomato,bacterial spot,22.64601534,98.30944473,13.91337995
/kaggle/input/plantdisease/PlantVillage/Tomato_Bacterial_spot/4e726fa5-592c-4e69-a29e-4fc466d82597___GCREC_Bact.Sp 3377.JPG,Tomato_Bacterial_spot,Tomato,bacterial spot,20.95519617,87.23426773,16.45323289
/kaggle/input/plantdisease/PlantVillage/Tomato_Bacterial_spot/6e66897f-e901-41e2-990b-54f8117b792e___GCREC_Bact.Sp 5761.JPG,Tomato_Bacterial_spot,Tomato,bacterial spot,21.32993829,86.91241811,11.53408167
/kaggle/input/plantdisease/PlantVillage/Tomato_Bacterial_spot/f2862b49-bab8-4d3e-abc3-0816c0f0010e___GCREC_Bact.Sp 6311.JPG,Tomato_Bacterial_spot,Tomato,bacterial spot,26.68228671,94.55163413,16.30241423
/kaggle/input/plantdisease/PlantVillage/Tomato_Bacterial_spot/b77be1e3-a6c2-44a9-848c-409fbf071e2c___GCREC_Bact.Sp 3824.JPG,Tomato_Bacterial_spot,Tomato,bacterial spot,23.56625518,84.6914897,7.746153846
/kaggle/input/plantdisease/PlantVillage/Tomato_Bacterial_spot/8ea20132-2bfb-4beb-bda6-88f1f4bb8936___GCREC_Bact.Sp 3103.JPG,Tomato_Bacterial_spot,Tomato,bacterial spot,24.35037891,87.63822738,15.70748472
/kaggle/input/plantdisease/PlantVillage/Tomato_Bacterial_spot/3a8cc574-c2a6-4663-b1a0-7fa54b2b987d___GCREC_Bact.Sp 6358.JPG,Tomato_Bacterial_spot,Tomato,bacterial spot,25.73256762,92.05844658,4.902253643
/kaggle/input/plantdisease/PlantVillage/Tomato_Bacterial_spot/a7869065-f57e-42ba-aa3e-133fa45a7479___UF.GRC_BS_Lab Leaf 0827.JPG,Tomato_Bacterial_spot,Tomato,bacterial spot,28.98866831,84.62730764,23.22298494
/kaggle/input/plantdisease/PlantVillage/Tomato_Bacterial_spot/3f34d522-9184-4f1e-bfd9-93d0cb571a7d___GCREC_Bact.Sp 3069.JPG,Tomato_Bacterial_spot,Tomato,bacterial spot,25.09544621,96.71256933,11.19444104
/kaggle/input/plantdisease/PlantVillage/Tomato_Bacterial_spot/3dd61e20-fb5a-486e-b579-763312c9cf27___GCREC_Bact.Sp 3116.JPG,Tomato_Bacterial_spot,Tomato,bacterial spot,27.9452247,85.17355589,9.352362751
/kaggle/input/plantdisease/PlantVillage/Tomato_Bacterial_spot/8b1a6730-4e10-4864-bdfb-4f454f7ef87c___GCREC_Bact.Sp 3132.JPG,Tomato_Bacterial_spot,Tomato,bacterial spot,21.09320885,95.44979456,10.19365038
/kaggle/input/plantdisease/PlantVillage/Tomato_Bacterial_spot/88cb990c-385b-4d79-89f4-f1a8698a2845___GCREC_Bact.Sp 5576.JPG,Tomato_Bacterial_spot,Tomato,bacterial spot,29.04948603,97.45750341,24.52402227
/kaggle/input/plantdisease/PlantVillage/Tomato_Bacterial_spot/a346d735-b67a-4838-b6b2-917e896fbd62___GCREC_Bact.Sp 2996.JPG,Tomato_Bacterial_spot,Tomato,bacterial spot,26.48128865,92.90631533,11.56993579
/kaggle/input/plantdisease/PlantVillage/Tomato_Bacterial_spot/9920ea08-d9d7-464c-addb-c6ecebddf420___GCREC_Bact.Sp 5880.JPG,Tomato_Bacterial_spot,Tomato,bacterial spot,24.17750147,94.53331903,10.30975631
/kaggle/input/plantdisease/PlantVillage/Tomato_Bacterial_spot/16912266-6a1b-426c-9e58-2f0ff1a4e35a___UF.GRC_BS_Lab Leaf 8673.JPG,Tomato_Bacterial_spot,Tomato,bacterial spot,25.72988911,81.21629404,7.447876676
/kaggle/input/plantdisease/PlantVillage/Tomato_Bacterial_spot/b174fcf1-c7be-4819-8c91-4b3897b92297___GCREC_Bact.Sp 3195.JPG,Tomato_Bacterial_spot,Tomato,bacterial spot,29.78229923,88.35812729,16.61512211
/kaggle/input/plantdisease/PlantVillage/Tomato_Bacterial_spot/e7545c08-3299-4f70-b9bb-3fb57c539f5d___UF.GRC_BS_Lab Leaf 9162.JPG,Tomato_Bacterial_spot,Tomato,bacterial spot,28.03461765,81.08582264,13.54709935
/kaggle/input/plantdisease/PlantVillage/Tomato_Bacterial_spot/9e7f767c-fdc0-4b28-9195-43ee57f8ecb1___GCREC_Bact.Sp 3356.JPG,Tomato_Bacterial_spot,Tomato,bacterial spot,27.0660042,99.57461346,11.80193137
/kaggle/input/plantdisease/PlantVillage/Tomato_Bacterial_spot/edcbb73e-46f6-4798-bcdd-7c4477b6b9cf___GCREC_Bact.Sp 3214.JPG,Tomato_Bacterial_spot,Tomato,bacterial spot,27.6325407,80.97347105,17.57503826
/kaggle/input/plantdisease/PlantVillage/Tomato_Bacterial_spot/a036424b-a20f-438b-895d-3d6cd284822c___GCREC_Bact.Sp 5644.JPG,Tomato_Bacterial_spot,Tomato,bacterial spot,23.59699768,85.44734671,24.06950309
/kaggle/input/plantdisease/PlantVillage/Tomato_Bacterial_spot/a0be793f-3831-4101-9142-69986edb313e___UF.GRC_BS_Lab Leaf 0801.JPG,Tomato_Bacterial_spot,Tomato,bacterial spot,24.01865856,93.22386265,9.585548838
/kaggle/input/plantdisease/PlantVillage/Tomato_Bacterial_spot/776ec720-7e48-4952-b3a4-d2a7b4d7d5f7___GCREC_Bact.Sp 5946.JPG,Tomato_Bacterial_spot,Tomato,bacterial spot,27.42040859,80.47622886,11.035499
/kaggle/input/plantdisease/PlantVillage/Tomato_Bacterial_spot/7e423f77-2947-4e4e-9777-17a780996d39___GCREC_Bact.Sp 5600.JPG,Tomato_Bacterial_spot,Tomato,bacterial spot,28.94470994,84.47282051,11.7399218
/kaggle/input/plantdisease/PlantVillage/Tomato_Bacterial_spot/6131cc64-b00a-4610-a1e1-a97e8db9a352___GCREC_Bact.Sp 6053.JPG,Tomato_Bacterial_spot,Tomato,bacterial spot,27.54294024,98.57764391,12.34127441
/kaggle/input/plantdisease/PlantVillage/Tomato_Bacterial_spot/3fd9d993-1ce7-4958-903a-ae99de1d5ad7___GCREC_Bact.Sp 5988.JPG,Tomato_Bacterial_spot,Tomato,bacterial spot,23.70951031,83.19561727,13.11821733
/kaggle/input/plantdisease/PlantVillage/Tomato_Bacterial_spot/a37c30d3-2d4a-49f0-af5b-5ddc9c37baf8___GCREC_Bact.Sp 6038.JPG,Tomato_Bacterial_spot,Tomato,bacterial spot,29.02781129,91.90889222,12.14566522
/kaggle/input/plantdisease/PlantVillage/Tomato_Bacterial_spot/3392b4ec-48ed-468b-9a33-c3c53ab2dfa4___GCREC_Bact.Sp 3291.JPG,Tomato_Bacterial_spot,Tomato,bacterial spot,22.06525772,90.32335783,18.99425979
/kaggle/input/plantdisease/PlantVillage/Tomato_Bacterial_spot/ef20a397-2057-4f88-888b-9325bd16404a___GCREC_Bact.Sp 3280.JPG,Tomato_Bacterial_spot,Tomato,bacterial spot,27.97674688,80.81923882,12.37671212
/kaggle/input/plantdisease/PlantVillage/Tomato_Bacterial_spot/158e6da7-6371-4575-b2e2-a42be9b0beed___GCREC_Bact.Sp 3042.JPG,Tomato_Bacterial_spot,Tomato,bacterial spot,29.99994668,87.80278518,9.876241406
/kaggle/input/plantdisease/PlantVillage/Tomato_Bacterial_spot/d5bccd2c-7e11-4d61-98fb-581ca85e5f58___UF.GRC_BS_Lab Leaf 0391.JPG,Tomato_Bacterial_spot,Tomato,bacterial spot,24.29999323,87.41307787,16.37727273
/kaggle/input/plantdisease/PlantVillage/Tomato_Bacterial_spot/9114dc96-caf5-4c80-970f-9ee7716894b9___UF.GRC_BS_Lab Leaf 0728.JPG,Tomato_Bacterial_spot,Tomato,bacterial spot,20.24599567,95.20611873,16.46058355
/kaggle/input/plantdisease/PlantVillage/Tomato_Bacterial_spot/93fb2f61-879a-441a-a446-5789c81b4249___UF.GRC_BS_Lab Leaf 0432.JPG,Tomato_Bacterial_spot,Tomato,bacterial spot,24.77063652,86.83643694,22.56613103
/kaggle/input/plantdisease/PlantVillage/Tomato_Bacterial_spot/7c8aaf34-cae5-4699-aba0-088002b7dd29___GCREC_Bact.Sp 6339.JPG,Tomato_Bacterial_spot,Tomato,bacterial spot,25.65921739,83.41556673,10.91325004
/kaggle/input/plantdisease/PlantVillage/Tomato_Bacterial_spot/c7281266-81e4-4ef3-a601-7662898fe565___GCREC_Bact.Sp 3148.JPG,Tomato_Bacterial_spot,Tomato,bacterial spot,28.78299701,94.60455753,15.5256813
/kaggle/input/plantdisease/PlantVillage/Tomato_Bacterial_spot/bb199ebe-f777-4760-adb1-368291627d3d___GCREC_Bact.Sp 5749.JPG,Tomato_Bacterial_spot,Tomato,bacterial spot,22.5639495,95.82211833,13.19549206
/kaggle/input/plantdisease/PlantVillage/Tomato_Bacterial_spot/2279def6-9a9e-43cd-8f35-9111fa81ab13___GCREC_Bact.Sp 5952.JPG,Tomato_Bacterial_spot,Tomato,bacterial spot,29.77479499,83.91729559,8.86755704
/kaggle/input/plantdisease/PlantVillage/Tomato_Bacterial_spot/759ba7d2-9535-45b5-a11d-935602edf6cd___GCREC_Bact.Sp 3314.JPG,Tomato_Bacterial_spot,Tomato,bacterial spot,23.00301597,94.56939976,12.59989621
/kaggle/input/plantdisease/PlantVillage/Tomato_Bacterial_spot/7882b2d6-96d2-43db-968c-5790a9dddc18___GCREC_Bact.Sp 6280.JPG,Tomato_Bacterial_spot,Tomato,bacterial spot,21.43969069,82.7131455,14.63847449
/kaggle/input/plantdisease/PlantVillage/Tomato_Bacterial_spot/5e85c3be-5568-4e7c-a09d-edcf1e525af5___GCREC_Bact.Sp 6235.JPG,Tomato_Bacterial_spot,Tomato,bacterial spot,25.55804342,97.97797849,12.57639023
/kaggle/input/plantdisease/PlantVillage/Tomato_Bacterial_spot/3a08d08d-9820-492b-a99f-eb19147724b7___GCREC_Bact.Sp 3288.JPG,Tomato_Bacterial_spot,Tomato,bacterial spot,28.13599551,99.56165738,7.703089586
/kaggle/input/plantdisease/PlantVillage/Tomato_Bacterial_spot/8282af2e-63e1-4522-afed-d9a5210d30ec___GCREC_Bact.Sp 5898.JPG,Tomato_Bacterial_spot,Tomato,bacterial spot,23.52576283,95.33651204,10.62461993
/kaggle/input/plantdisease/PlantVillage/Tomato_Bacterial_spot/c9270cd9-e0ec-4aee-9411-a7977c2b9af8___GCREC_Bact.Sp 3706.JPG,Tomato_Bacterial_spot,Tomato,bacterial spot,29.83217407,92.12671241,12.63726184
/kaggle/input/plantdisease/PlantVillage/Tomato_Bacterial_spot/d5701f4d-4aa3-4f95-ac7c-07f8747c1332___GCREC_Bact.Sp 6368.JPG,Tomato_Bacterial_spot,Tomato,bacterial spot,22.72705846,86.9962077,6.479139365
/kaggle/input/plantdisease/PlantVillage/Tomato_Bacterial_spot/6bde0aa8-4093-4eb1-aa1e-049db77d16a2___UF.GRC_BS_Lab Leaf 8873.JPG,Tomato_Bacterial_spot,Tomato,bacterial spot,21.54529643,96.66800366,11.98654437
/kaggle/input/plantdisease/PlantVillage/Tomato_Bacterial_spot/9ea77bf9-c078-4adf-9173-ca0dca15dabd___GCREC_Bact.Sp 6333.JPG,Tomato_Bacterial_spot,Tomato,bacterial spot,29.25367863,83.54266536,11.28361825
/kaggle/input/plantdisease/PlantVillage/Tomato_Bacterial_spot/1f96aa30-b5fd-4730-a758-ca586cbcf59f___GCREC_Bact.Sp 3688.JPG,Tomato_Bacterial_spot,Tomato,bacterial spot,27.75822919,82.13552215,10.76543625
/kaggle/input/plantdisease/PlantVillage/Tomato_Bacterial_spot/17bcc3fa-9905-4fcf-938b-c5e63e214718___GCREC_Bact.Sp 6329.JPG,Tomato_Bacterial_spot,Tomato,bacterial spot,23.08376538,82.71119223,17.40767804
/kaggle/input/plantdisease/PlantVillage/Tomato_Bacterial_spot/c5133ab4-1715-4658-970e-e0e4ad42e10e___GCREC_Bact.Sp 3308.JPG,Tomato_Bacterial_spot,Tomato,bacterial spot,26.19521515,94.56287544,14.76973271
/kaggle/input/plantdisease/PlantVillage/Tomato_Bacterial_spot/7b0955af-e428-4c82-9834-7158f6cf86db___UF.GRC_BS_Lab Leaf 0509.JPG,Tomato_Bacterial_spot,Tomato,bacterial spot,21.66306597,95.27657888,10.65178923
/kaggle/input/plantdisease/PlantVillage/Tomato_Bacterial_spot/f92bb674-d3ff-480e-aa28-53d227491d95___GCREC_Bact.Sp 5949.JPG,Tomato_Bacterial_spot,Tomato,bacterial spot,27.27523871,93.46957433,6.465082292
/kaggle/input/plantdisease/PlantVillage/Tomato_Bacterial_spot/8e41531c-42e8-4a0d-b453-7aae50fdfe94___GCREC_Bact.Sp 3552.JPG,Tomato_Bacterial_spot,Tomato,bacterial spot,23.22059454,91.62982094,13.20908758
/kaggle/input/plantdisease/PlantVillage/Pepper__bell___Bacterial_spot/b3cb19d0-df9b-4705-ab26-40aafab8ecca___JR_B.Spot 3206.JPG,Pepper__bell___Bacterial_spot,Pepper,bell bacterial spot,28.33189335,89.72933239,24.0268893
/kaggle/input/plantdisease/PlantVillage/Pepper__bell___Bacterial_spot/2edf5fe8-706b-4ce7-8b59-dc6bfa4b6b42___JR_B.Spot 8823.JPG,Pepper__bell___Bacterial_spot,Pepper,bell bacterial spot,23.00345439,90.87960731,22.87533748
/kaggle/input/plantdisease/PlantVillage/Pepper__bell___Bacterial_spot/28462e1b-741c-4949-884f-e5c35375dab4___JR_B.Spot 3111.JPG,Pepper__bell___Bacterial_spot,Pepper,bell bacterial spot,25.56526901,81.09092775,16.43994517
/kaggle/input/plantdisease/PlantVillage/Pepper__bell___Bacterial_spot/d976cf27-8d18-4ecf-9dd1-c462e807e9a3___NREC_B.Spot 9139.JPG,Pepper__bell___Bacterial_spot,Pepper,bell bacterial spot,21.17959184,84.37893067,21.90172007
/kaggle/input/plantdisease/PlantVillage/Pepper__bell___Bacterial_spot/f3cc0f80-ee73-47d4-b084-fd811ebe0206___NREC_B.Spot 1917.JPG,Pepper__bell___Bacterial_spot,Pepper,bell bacterial spot,22.62822874,98.15525276,16.61560742
/kaggle/input/plantdisease/PlantVillage/Pepper__bell___Bacterial_spot/afce5bf3-7e62-42f1-8d66-3d9b3e5e0dc1___NREC_B.Spot 9108.JPG,Pepper__bell___Bacterial_spot,Pepper,bell bacterial spot,24.9119451,85.77706248,30.96417128
/kaggle/input/plantdisease/PlantVillage/Pepper__bell___Bacterial_spot/fc45e7eb-9b7f-43ae-a769-2b9ab7f85eee___JR_B.Spot 3106.JPG,Pepper__bell___Bacterial_spot,Pepper,bell bacterial spot,21.29062083,91.53922492,15.70477248
/kaggle/input/plantdisease/PlantVillage/Pepper__bell___Bacterial_spot/884c2da1-3b43-46aa-85bb-0f72ed25c266___JR_B.Spot 8906.JPG,Pepper__bell___Bacterial_spot,Pepper,bell bacterial spot,21.24394387,83.48340852,19.61197668
/kaggle/input/plantdisease/PlantVillage/Pepper__bell___Bacterial_spot/63c47e0e-b12a-4e10-953a-0dfed899991e___NREC_B.Spot 1918.JPG,Pepper__bell___Bacterial_spot,Pepper,bell bacterial spot,22.65340078,91.00456779,18.15704883
/kaggle/input/plantdisease/PlantVillage/Pepper__bell___Bacterial_spot/64f4dcf0-30b4-41b2-b5e6-6e6798c3202d___JR_B.Spot 8834.JPG,Pepper__bell___Bacterial_spot,Pepper,bell bacterial spot,21.78768795,98.55582589,17.62670127
/kaggle/input/plantdisease/PlantVillage/Pepper__bell___Bacterial_spot/3b03d630-d2a3-4c76-9c95-0783b50895d8___NREC_B.Spot 9168.JPG,Pepper__bell___Bacterial_spot,Pepper,bell bacterial spot,26.72297953,83.58582758,22.49256642
/kaggle/input/plantdisease/PlantVillage/Pepper__bell___Bacterial_spot/cb718917-b719-4cb5-af66-394129c4320b___JR_B.Spot 3405.JPG,Pepper__bell___Bacterial_spot,Pepper,bell bacterial spot,26.05005847,87.06579847,18.16425898
/kaggle/input/plantdisease/PlantVillage/Pepper__bell___Bacterial_spot/98911982-d13f-45f3-a098-bacf2924c154___NREC_B.Spot 1851.JPG,Pepper__bell___Bacterial_spot,Pepper,bell bacterial spot,22.27967623,92.74906886,30.17116868
/kaggle/input/plantdisease/PlantVillage/Pepper__bell___Bacterial_spot/41410a16-32af-4080-92a7-fd2869d5b48d___JR_B.Spot 9085.JPG,Pepper__bell___Bacterial_spot,Pepper,bell bacterial spot,23.698796,97.88107707,8.051821862
/kaggle/input/plantdisease/PlantVillage/Pepper__bell___Bacterial_spot/0d524d59-fb02-481b-9034-64f1de0da914___NREC_B.Spot 9060.JPG,Pepper__bell___Bacterial_spot,Pepper,bell bacterial spot,22.6536604,99.64878625,34.15582799
/kaggle/input/plantdisease/PlantVillage/Pepper__bell___Bacterial_spot/4bad40b0-af40-4deb-820c-edbcbb9ea372___NREC_B.Spot 1843.JPG,Pepper__bell___Bacterial_spot,Pepper,bell bacterial spot,21.44556277,90.40778737,20.61121857
/kaggle/input/plantdisease/PlantVillage/Pepper__bell___Bacterial_spot/b1739803-02e8-4974-b230-37923c2010cc___NREC_B.Spot 1921.JPG,Pepper__bell___Bacterial_spot,Pepper,bell bacterial spot,24.08486896,94.47791983,19.62518317
/kaggle/input/plantdisease/PlantVillage/Pepper__bell___Bacterial_spot/13955856-c347-4039-ba30-09ea39d66534___NREC_B.Spot 9114.JPG,Pepper__bell___Bacterial_spot,Pepper,bell bacterial spot,20.47212313,94.84865117,20.40081415
/kaggle/input/plantdisease/PlantVillage/Pepper__bell___Bacterial_spot/4a18013a-dcd1-4974-b841-89c49b198a11___NREC_B.Spot 1984.JPG,Pepper__bell___Bacterial_spot,Pepper,bell bacterial spot,22.07264244,91.31950642,19.0672683
/kaggle/input/plantdisease/PlantVillage/Pepper__bell___Bacterial_spot/c869760f-5c94-4282-9e1b-a7b0f36455e4___JR_B.Spot 8929.JPG,Pepper__bell___Bacterial_spot,Pepper,bell bacterial spot,22.44113928,90.49302745,12.04949368
/kaggle/input/plantdisease/PlantVillage/Pepper__bell___Bacterial_spot/ef02f719-ca79-481f-9429-365fa1685a80___JR_B.Spot 9056.JPG,Pepper__bell___Bacterial_spot,Pepper,bell bacterial spot,29.2439521,87.96354699,4.995311843
/kaggle/input/plantdisease/PlantVillage/Pepper__bell___Bacterial_spot/8c9e49b1-c4ee-402e-b31b-a7b33e887d0c___JR_B.Spot 3313.JPG,Pepper__bell___Bacterial_spot,Pepper,bell bacterial spot,28.95776939,91.89252738,24.68132569
/kaggle/input/plantdisease/PlantVillage/Pepper__bell___Bacterial_spot/41b84d9f-07b5-49a9-b928-b9be65ea5e3d___JR_B.Spot 3153.JPG,Pepper__bell___Bacterial_spot,Pepper,bell bacterial spot,22.29556852,93.03659757,28.31293837
/kaggle/input/plantdisease/PlantVillage/Pepper__bell___Bacterial_spot/2d5def2a-c79d-444e-88be-a5961c9107d0___JR_B.Spot 3249.JPG,Pepper__bell___Bacterial_spot,Pepper,bell bacterial spot,26.39720847,84.72854996,19.10326558
/kaggle/input/plantdisease/PlantVillage/Pepper__bell___Bacterial_spot/b565ed4a-0fd4-4776-a998-363132307e11___NREC_B.Spot 1926.JPG,Pepper__bell___Bacterial_spot,Pepper,bell bacterial spot,23.59150325,82.99728693,16.90756217
/kaggle/input/plantdisease/PlantVillage/Pepper__bell___Bacterial_spot/921dfe0f-cf58-4d48-a9c0-33eff76b7191___NREC_B.Spot 9100.JPG,Pepper__bell___Bacterial_spot,Pepper,bell bacterial spot,24.49296791,99.66820467,28.21911896
/kaggle/input/plantdisease/PlantVillage/Pepper__bell___Bacterial_spot/72fb0734-1e8c-4bdb-a355-959d1ce12cd0___NREC_B.Spot 9066.JPG,Pepper__bell___Bacterial_spot,Pepper,bell bacterial spot,22.82659766,91.35039322,30.96713615
/kaggle/input/plantdisease/PlantVillage/Pepper__bell___Bacterial_spot/b22693c9-a87d-4ffa-82b1-0218e1b966be___JR_B.Spot 3277.JPG,Pepper__bell___Bacterial_spot,Pepper,bell bacterial spot,24.39274848,91.66659964,18.383746
/kaggle/input/plantdisease/PlantVillage/Pepper__bell___Bacterial_spot/9f3a7e14-bd0e-48ea-89c3-9c3bd743fb19___NREC_B.Spot 1956.JPG,Pepper__bell___Bacterial_spot,Pepper,bell bacterial spot,25.44241295,86.77775516,25.86063964
/kaggle/input/plantdisease/PlantVillage/Pepper__bell___Bacterial_spot/f7210adf-ebd1-44d7-9104-40244572d722___NREC_B.Spot 1807.JPG,Pepper__bell___Bacterial_spot,Pepper,bell bacterial spot,20.88511629,82.85451719,20.54401231
/kaggle/input/plantdisease/PlantVillage/Pepper__bell___Bacterial_spot/292d6666-67ca-4c4f-91e9-b7313fdd523c___NREC_B.Spot 9130.JPG,Pepper__bell___Bacterial_spot,Pepper,bell bacterial spot,29.14625678,97.84382102,25.44483986
/kaggle/input/plantdisease/PlantVillage/Pepper__bell___Bacterial_spot/d22776e6-5234-4c6b-a196-a04b281c3808___JR_B.Spot 3351.JPG,Pepper__bell___Bacterial_spot,Pepper,bell bacterial spot,25.67821592,97.93870231,20.56247245
/kaggle/input/plantdisease/PlantVillage/Pepper__bell___Bacterial_spot/84e67357-edd8-445d-9c49-32b1c5d5deeb___JR_B.Spot 8921.JPG,Pepper__bell___Bacterial_spot,Pepper,bell bacterial spot,21.56473014,89.06762609,24.67906569
/kaggle/input/plantdisease/PlantVillage/Pepper__bell___Bacterial_spot/7a0a678b-9bd3-4f13-a650-31566fdb30da___JR_B.Spot 8961.JPG,Pepper__bell___Bacterial_spot,Pepper,bell bacterial spot,22.28127613,86.91896323,12.65684372
/kaggle/input/plantdisease/PlantVillage/Pepper__bell___Bacterial_spot/831d19a0-117e-477c-9301-d9279edd1c5d___JR_B.Spot 3343.JPG,Pepper__bell___Bacterial_spot,Pepper,bell bacterial spot,26.71874674,91.17788415,16.24683503
/kaggle/input/plantdisease/PlantVillage/Pepper__bell___Bacterial_spot/da56da68-37e7-4003-8ebe-de5e545945f6___NREC_B.Spot 9197.JPG,Pepper__bell___Bacterial_spot,Pepper,bell bacterial spot,27.34437559,89.11776081,24.22821255
/kaggle/input/plantdisease/PlantVillage/Pepper__bell___Bacterial_spot/74d34f82-c2f1-4a60-8463-3c45717aac22___NREC_B.Spot 1904.JPG,Pepper__bell___Bacterial_spot,Pepper,bell bacterial spot,28.82042832,85.46453221,33.07881773
/kaggle/input/plantdisease/PlantVillage/Pepper__bell___Bacterial_spot/f815ab23-815d-4e3a-8ebf-47d9084645cc___NREC_B.Spot 1869.JPG,Pepper__bell___Bacterial_spot,Pepper,bell bacterial spot,27.08240264,92.19632427,22.05903201
/kaggle/input/plantdisease/PlantVillage/Pepper__bell___Bacterial_spot/b45fccde-f383-4741-a19a-fb48dc215190___JR_B.Spot 3098.JPG,Pepper__bell___Bacterial_spot,Pepper,bell bacterial spot,26.63789691,99.94546945,18.5892146
/kaggle/input/plantdisease/PlantVillage/Pepper__bell___Bacterial_spot/d46517ef-7359-469f-9dd3-c8669c6cd889___NREC_B.Spot 1902.JPG,Pepper__bell___Bacterial_spot,Pepper,bell bacterial spot,20.59347785,82.85446464,25.18948111
/kaggle/input/plantdisease/PlantVillage/Pepper__bell___Bacterial_spot/9e51a122-2ee0-476d-9a0e-a7f059dfd290___NREC_B.Spot 1878.JPG,Pepper__bell___Bacterial_spot,Pepper,bell bacterial spot,23.23119865,94.70409352,18.16235157
/kaggle/input/plantdisease/PlantVillage/Pepper__bell___Bacterial_spot/ff81e22a-09bf-49bd-b45a-c75606cd113b___NREC_B.Spot 1811.JPG,Pepper__bell___Bacterial_spot,Pepper,bell bacterial spot,29.91364878,85.20631745,44.96358258
/kaggle/input/plantdisease/PlantVillage/Pepper__bell___Bacterial_spot/bb696cc0-eef2-40e1-a0c0-9df002d0d413___NREC_B.Spot 9243.JPG,Pepper__bell___Bacterial_spot,Pepper,bell bacterial spot,22.6920227,94.18367296,13.92792137
/kaggle/input/plantdisease/PlantVillage/Pepper__bell___Bacterial_spot/f896c5eb-0ec3-4480-bddc-10977b344277___NREC_B.Spot 1932.JPG,Pepper__bell___Bacterial_spot,Pepper,bell bacterial spot,28.94608292,83.81949774,14.15353767
/kaggle/input/plantdisease/PlantVillage/Pepper__bell___Bacterial_spot/9ef2ed30-14d6-4711-92b3-9a9fbf435c9f___NREC_B.Spot 9049.JPG,Pepper__bell___Bacterial_spot,Pepper,bell bacterial spot,29.92597031,96.08217579,24.87698947
/kaggle/input/plantdisease/PlantVillage/Pepper__bell___Bacterial_spot/28f23e77-e556-40c8-8bc2-835227732de2___JR_B.Spot 8848.JPG,Pepper__bell___Bacterial_spot,Pepper,bell bacterial spot,25.64140209,81.44277794,19.56829223
/kaggle/input/plantdisease/PlantVillage/Pepper__bell___Bacterial_spot/208c40d0-cdd9-4988-a03a-22755febfafb___JR_B.Spot 8908.JPG,Pepper__bell___Bacterial_spot,Pepper,bell bacterial spot,21.96165877,98.17646696,19.94698025
/kaggle/input/plantdisease/PlantVillage/Pepper__bell___Bacterial_spot/c4f483a6-1b89-4158-9782-e77c649e5a65___JR_B.Spot 3367.JPG,Pepper__bell___Bacterial_spot,Pepper,bell bacterial spot,23.7894843,89.80958284,19.04862198
/kaggle/input/plantdisease/PlantVillage/Pepper__bell___Bacterial_spot/794eb318-4b89-4774-89af-76131cf7b793___NREC_B.Spot 1920.JPG,Pepper__bell___Bacterial_spot,Pepper,bell bacterial spot,28.53798733,88.46550642,20.78211635
/kaggle/input/plantdisease/PlantVillage/Pepper__bell___Bacterial_spot/e82b5cb6-796c-45cb-a2a7-89bf723ecb8a___NREC_B.Spot 1854.JPG,Pepper__bell___Bacterial_spot,Pepper,bell bacterial spot,23.07510624,95.24114416,13.71464488
/kaggle/input/plantdisease/PlantVillage/Pepper__bell___Bacterial_spot/0efa6329-22f4-4bf0-a67a-17b0d5e4d2f2___NREC_B.Spot 9145.JPG,Pepper__bell___Bacterial_spot,Pepper,bell bacterial spot,21.45435514,89.05516093,19.99803363
/kaggle/input/plantdisease/PlantVillage/Pepper__bell___Bacterial_spot/0694ee73-2dbc-4583-9d2d-2b053ef0475b___NREC_B.Spot 1798.JPG,Pepper__bell___Bacterial_spot,Pepper,bell bacterial spot,22.32426848,90.91360337,23.50078116
/kaggle/input/plantdisease/PlantVillage/Pepper__bell___Bacterial_spot/67fb9590-9c1b-47f0-b5e2-f7377136bcba___NREC_B.Spot 1845.JPG,Pepper__bell___Bacterial_spot,Pepper,bell bacterial spot,28.15653683,91.04311643,27.41311527
/kaggle/input/plantdisease/PlantVillage/Pepper__bell___Bacterial_spot/6e698a9c-27ae-4ebb-a041-c8f06a69d664___JR_B.Spot 3133.JPG,Pepper__bell___Bacterial_spot,Pepper,bell bacterial spot,23.34558466,80.77071613,20.01003481
/kaggle/input/plantdisease/PlantVillage/Pepper__bell___Bacterial_spot/380d0458-2f1e-432c-8adf-614143cba968___JR_B.Spot 8980.JPG,Pepper__bell___Bacterial_spot,Pepper,bell bacterial spot,21.08381496,98.90343136,16.99124942
/kaggle/input/plantdisease/PlantVillage/Pepper__bell___Bacterial_spot/197e7e21-9ddb-4fbe-a87e-2885a14c29d5___JR_B.Spot 9035.JPG,Pepper__bell___Bacterial_spot,Pepper,bell bacterial spot,27.89936265,94.07152205,16.7813748
/kaggle/input/plantdisease/PlantVillage/Pepper__bell___Bacterial_spot/71910a98-a735-4f6d-bd6b-117845ed0ad6___JR_B.Spot 3282.JPG,Pepper__bell___Bacterial_spot,Pepper,bell bacterial spot,24.93262257,84.41214565,13.76259113
/kaggle/input/plantdisease/PlantVillage/Pepper__bell___Bacterial_spot/e1c5cd9c-d181-42b8-95cc-e45538f21d12___NREC_B.Spot 1864.JPG,Pepper__bell___Bacterial_spot,Pepper,bell bacterial spot,29.90167427,98.52123044,23.38336373
/kaggle/input/plantdisease/PlantVillage/Pepper__bell___Bacterial_spot/70e1f0fd-f177-4d0b-9926-af33436e501a___JR_B.Spot 9023.JPG,Pepper__bell___Bacterial_spot,Pepper,bell bacterial spot,29.72622246,83.56765524,22.31541198
/kaggle/input/plantdisease/PlantVillage/Pepper__bell___Bacterial_spot/6218fa91-d526-4705-aab4-026c328197a3___NREC_B.Spot 9252.JPG,Pepper__bell___Bacterial_spot,Pepper,bell bacterial spot,20.37808928,94.75686193,21.93439209
/kaggle/input/plantdisease/PlantVillage/Pepper__bell___Bacterial_spot/98558acc-09f4-4d2f-bdff-5e8e915ea606___NREC_B.Spot 9141.JPG,Pepper__bell___Bacterial_spot,Pepper,bell bacterial spot,22.29988849,95.5208012,21.87200346
/kaggle/input/plantdisease/PlantVillage/Pepper__bell___Bacterial_spot/78bed62c-8645-4956-a9c0-c6709e254a43___JR_B.Spot 3099.JPG,Pepper__bell___Bacterial_spot,Pepper,bell bacterial spot,27.20966381,91.90281997,18.50705575
/kaggle/input/plantdisease/PlantVillage/Pepper__bell___Bacterial_spot/4d035250-f831-438b-a583-d192cbb26a55___JR_B.Spot 3163.JPG,Pepper__bell___Bacterial_spot,Pepper,bell bacterial spot,22.72954928,93.56398941,25.43116723
/kaggle/input/plantdisease/PlantVillage/Pepper__bell___Bacterial_spot/47fbd17d-c078-4465-8816-c675abd9c850___JR_B.Spot 3185.JPG,Pepper__bell___Bacterial_spot,Pepper,bell bacterial spot,20.13013094,85.67605271,19.44259752
/kaggle/input/plantdisease/PlantVillage/Pepper__bell___Bacterial_spot/cef63924-0e7e-4df3-9b8c-bdc80f3215f2___JR_B.Spot 3376.JPG,Pepper__bell___Bacterial_spot,Pepper,bell bacterial spot,24.03945503,83.64428637,34.09759117
/kaggle/input/plantdisease/PlantVillage/Pepper__bell___Bacterial_spot/a72dbf23-65d1-40c6-a7bc-82caed00c6d3___JR_B.Spot 3333.JPG,Pepper__bell___Bacterial_spot,Pepper,bell bacterial spot,28.39402626,89.26453406,17.76759713
/kaggle/input/plantdisease/PlantVillage/Pepper__bell___Bacterial_spot/b6843d4e-85a6-4e1f-97a9-e892720406fe___JR_B.Spot 8974.JPG,Pepper__bell___Bacterial_spot,Pepper,bell bacterial spot,28.48311162,88.4630359,25.99603337
/kaggle/input/plantdisease/PlantVillage/Pepper__bell___Bacterial_spot/f75755aa-4cac-4e64-9244-453eb4697044___NREC_B.Spot 1964.JPG,Pepper__bell___Bacterial_spot,Pepper,bell bacterial spot,29.06267022,83.8037,17.35552249
/kaggle/input/plantdisease/PlantVillage/Pepper__bell___Bacterial_spot/d4fc75c5-ff75-4429-8a41-917c2265cfbc___NREC_B.Spot 1871.JPG,Pepper__bell___Bacterial_spot,Pepper,bell bacterial spot,26.62651799,81.77932442,27.68180211
/kaggle/input/plantdisease/PlantVillage/Pepper__bell___Bacterial_spot/4a1ba341-501b-4f74-879b-61a9e29a8f9a___NREC_B.Spot 9211.JPG,Pepper__bell___Bacterial_spot,Pepper,bell bacterial spot,23.03559308,99.93169315,20.01569345
/kaggle/input/plantdisease/PlantVillage/Pepper__bell___Bacterial_spot/39875cb8-3958-46b9-a9dc-f810f353af5a___JR_B.Spot 3321.JPG,Pepper__bell___Bacterial_spot,Pepper,bell bacterial spot,21.14986091,85.61158942,18.72408383
/kaggle/input/plantdisease/PlantVillage/Pepper__bell___Bacterial_spot/952535f2-d337-434c-90e4-0be62ad20db9___JR_B.Spot 3348.JPG,Pepper__bell___Bacterial_spot,Pepper,bell bacterial spot,20.05377217,85.96597084,22.25241211
/kaggle/input/plantdisease/PlantVillage/Pepper__bell___Bacterial_spot/644b37d1-495a-40ef-9cff-163a97016d71___JR_B.Spot 3269.JPG,Pepper__bell___Bacterial_spot,Pepper,bell bacterial spot,23.58022877,84.2425929,13.45835794
/kaggle/input/plantdisease/PlantVillage/Pepper__bell___Bacterial_spot/17557939-f9e2-435a-a4e7-f4d3cff8aa8b___JR_B.Spot 3107.JPG,Pepper__bell___Bacterial_spot,Pepper,bell bacterial spot,28.76280429,84.86570755,19.54113627
/kaggle/input/plantdisease/PlantVillage/Pepper__bell___Bacterial_spot/697e19e9-b11b-4bc8-884b-e25d432b90f6___NREC_B.Spot 9206.JPG,Pepper__bell___Bacterial_spot,Pepper,bell bacterial spot,28.00857622,83.42451263,24.89703536
/kaggle/input/plantdisease/PlantVillage/Pepper__bell___Bacterial_spot/39a17538-d200-4dac-8dad-d76566b6b199___NREC_B.Spot 9173.JPG,Pepper__bell___Bacterial_spot,Pepper,bell bacterial spot,28.92511791,99.9127509,25.6501472
/kaggle/input/plantdisease/PlantVillage/Pepper__bell___Bacterial_spot/490afec2-acdf-4b61-b137-43d43285817c___JR_B.Spot 8949.JPG,Pepper__bell___Bacterial_spot,Pepper,bell bacterial spot,29.86232298,92.07632655,17.59789964
/kaggle/input/plantdisease/PlantVillage/Pepper__bell___Bacterial_spot/121268d0-b5e9-452b-aa45-df90ddcc5ee5___JR_B.Spot 8876.JPG,Pepper__bell___Bacterial_spot,Pepper,bell bacterial spot,24.06730342,83.13738511,18.39662195
/kaggle/input/plantdisease/PlantVillage/Pepper__bell___Bacterial_spot/648a0b23-8a55-4530-a0a0-b04882298d24___NREC_B.Spot 1839.JPG,Pepper__bell___Bacterial_spot,Pepper,bell bacterial spot,28.92975337,97.25988678,16.81951954
/kaggle/input/plantdisease/PlantVillage/Pepper__bell___Bacterial_spot/0e57b44f-bb06-43ec-8688-5a7985b461e7___JR_B.Spot 8970.JPG,Pepper__bell___Bacterial_spot,Pepper,bell bacterial spot,22.86972591,99.37286572,9.238603969
/kaggle/input/plantdisease/PlantVillage/Pepper__bell___Bacterial_spot/01613cd0-d3cd-4e96-945c-a312002037bf___JR_B.Spot 3262.JPG,Pepper__bell___Bacterial_spot,Pepper,bell bacterial spot,24.28095408,92.30988849,7.025220781
/kaggle/input/plantdisease/PlantVillage/Pepper__bell___Bacterial_spot/b5d5a42e-5d4f-4429-8923-aee42e0a0c5d___NREC_B.Spot 9189.JPG,Pepper__bell___Bacterial_spot,Pepper,bell bacterial spot,21.97710679,90.09685891,24.28748451
/kaggle/input/plantdisease/PlantVillage/Pepper__bell___Bacterial_spot/3dcf00d5-a9c0-4920-8767-2355f3f85bc4___NREC_B.Spot 9218.JPG,Pepper__bell___Bacterial_spot,Pepper,bell bacterial spot,24.74856926,88.69320322,24.63055845
/kaggle/input/plantdisease/PlantVillage/Pepper__bell___Bacterial_spot/7b21dafb-0173-4762-8fb5-8bb9b0aa604c___JR_B.Spot 3149.JPG,Pepper__bell___Bacterial_spot,Pepper,bell bacterial spot,24.37435628,96.16516609,26.91881733
/kaggle/input/plantdisease/PlantVillage/Pepper__bell___Bacterial_spot/5f7e373c-1bcb-4730-b55d-d0caf375bb0b___JR_B.Spot 8948.JPG,Pepper__bell___Bacterial_spot,Pepper,bell bacterial spot,26.60861575,92.39956331,19.46972831
/kaggle/input/plantdisease/PlantVillage/Pepper__bell___Bacterial_spot/e5b0a108-d1ec-42ce-9953-e57cb218bb00___JR_B.Spot 3268.JPG,Pepper__bell___Bacterial_spot,Pepper,bell bacterial spot,21.36065602,85.41479642,18.87102253
/kaggle/input/plantdisease/PlantVillage/Pepper__bell___Bacterial_spot/5f4f7469-3f1c-4f29-a5f7-68f2e57ce261___JR_B.Spot 9030.JPG,Pepper__bell___Bacterial_spot,Pepper,bell bacterial spot,21.31099015,88.59974162,14.64437567
/kaggle/input/plantdisease/PlantVillage/Pepper__bell___Bacterial_spot/e90ac690-4fbd-4ded-94f2-af7373479164___JR_B.Spot 8931.JPG,Pepper__bell___Bacterial_spot,Pepper,bell bacterial spot,25.04369995,84.4306554,17.01252571
/kaggle/input/plantdisease/PlantVillage/Pepper__bell___Bacterial_spot/3da16030-36bd-4866-826f-70945a9f8b60___JR_B.Spot 8934.JPG,Pepper__bell___Bacterial_spot,Pepper,bell bacterial spot,25.87569556,91.91184475,12.28769753
/kaggle/input/plantdisease/PlantVillage/Pepper__bell___Bacterial_spot/43fb5703-5a76-47cf-b027-42a9bd601401___JR_B.Spot 9033.JPG,Pepper__bell___Bacterial_spot,Pepper,bell bacterial spot,26.13761011,93.21957054,18.67239876
/kaggle/input/plantdisease/PlantVillage/Pepper__bell___Bacterial_spot/55d4d62f-ed27-4225-8245-c0e732a5a01b___JR_B.Spot 8959.JPG,Pepper__bell___Bacterial_spot,Pepper,bell bacterial spot,28.0700865,90.76066396,15.67085506
/kaggle/input/plantdisease/PlantVillage/Pepper__bell___Bacterial_spot/43aa27d3-3a37-4245-8b20-984512abfc6c___JR_B.Spot 3386.JPG,Pepper__bell___Bacterial_spot,Pepper,bell bacterial spot,26.61509978,99.83055707,16.77384611
/kaggle/input/plantdisease/PlantVillage/Pepper__bell___Bacterial_spot/0b47ce18-7cfe-45e8-b21e-b83cb6282455___JR_B.Spot 3162.JPG,Pepper__bell___Bacterial_spot,Pepper,bell bacterial spot,24.14882512,81.9948459,28.25225471
/kaggle/input/plantdisease/PlantVillage/Pepper__bell___Bacterial_spot/8abde119-2bdc-4a2f-9f83-3c4f0680f565___NREC_B.Spot 1912.JPG,Pepper__bell___Bacterial_spot,Pepper,bell bacterial spot,26.68526109,80.06184676,15.70382175
/kaggle/input/plantdisease/PlantVillage/Pepper__bell___Bacterial_spot/260e0075-466d-4aa2-8ad6-825cce898cdb___JR_B.Spot 9065.JPG,Pepper__bell___Bacterial_spot,Pepper,bell bacterial spot,25.26382915,95.87749664,12.62853052
/kaggle/input/plantdisease/PlantVillage/Pepper__bell___Bacterial_spot/bc76d04a-056a-4fa4-a3de-2d848101631a___JR_B.Spot 9089.JPG,Pepper__bell___Bacterial_spot,Pepper,bell bacterial spot,25.02837355,94.8588959,15.9938295
/kaggle/input/plantdisease/PlantVillage/Pepper__bell___Bacterial_spot/b2df85c5-719c-4a97-aad5-51b3636edb91___NREC_B.Spot 9150.JPG,Pepper__bell___Bacterial_spot,Pepper,bell bacterial spot,20.5875885,85.26461683,18.11503595
/kaggle/input/plantdisease/PlantVillage/Pepper__bell___Bacterial_spot/78cbd7cf-98fb-41f1-ae32-6655c02fa49c___JR_B.Spot 3292.JPG,Pepper__bell___Bacterial_spot,Pepper,bell bacterial spot,20.17589878,85.04852716,29.06505639
/kaggle/input/plantdisease/PlantVillage/Pepper__bell___Bacterial_spot/c8ea8547-4f93-4bf9-af69-79f09697e817___JR_B.Spot 3152.JPG,Pepper__bell___Bacterial_spot,Pepper,bell bacterial spot,24.21059102,93.0059404,26.44433847
/kaggle/input/plantdisease/PlantVillage/Pepper__bell___Bacterial_spot/006adb74-934f-448f-a14f-62181742127b___JR_B.Spot 3395.JPG,Pepper__bell___Bacterial_spot,Pepper,bell bacterial spot,25.66604648,97.48809002,12.84389997
/kaggle/input/plantdisease/PlantVillage/Potato___Early_blight/c09e4b05-b196-4955-abd4-6aed44c40132___RS_Early.B 6823.JPG,Potato___Early_blight,Potato,early blight,22.47402322,85.40915104,15.2457703
/kaggle/input/plantdisease/PlantVillage/Tomato_Early_blight/d8bfc53d-7b22-48a7-a884-c808927dc149___RS_Erly.B 6349.JPG,Tomato_Early_blight,Tomato,early blight,26.67336735,92.63381058,20.8678658
/kaggle/input/plantdisease/PlantVillage/Potato___Early_blight/1132bee0-fe6b-41a9-9583-7b959c2ca25f___RS_Early.B 7482.JPG,Potato___Early_blight,Potato,early blight,31.7599664,90.79319977,18.81989748
/kaggle/input/plantdisease/PlantVillage/Tomato_Early_blight/4fd3f0e7-cdd9-4151-8734-5f0ad1f52614___RS_Erly.B 9564.JPG,Tomato_Early_blight,Tomato,early blight,28.62437927,92.45143641,12.31161604
/kaggle/input/plantdisease/PlantVillage/Potato___Early_blight/61da9830-ebfd-483a-88dd-a66fcff4c457___RS_Early.B 7817.JPG,Potato___Early_blight,Potato,early blight,30.06720925,96.54461369,10.48935998
/kaggle/input/plantdisease/PlantVillage/Potato___Early_blight/ca1bc7af-3220-4b45-b76d-8f950128c489___RS_Early.B 7266.JPG,Potato___Early_blight,Potato,early blight,20.0570423,88.07210719,14.09513268
/kaggle/input/plantdisease/PlantVillage/Tomato_Early_blight/e20fb98a-26f9-43a1-8d55-e1daa9b6a455___RS_Erly.B 7351.JPG,Tomato_Early_blight,Tomato,early blight,25.41960529,81.45458885,19.37993728
/kaggle/input/plantdisease/PlantVillage/Potato___Early_blight/ede5199d-4bf1-4bd0-a460-2168350ed05a___RS_Early.B 8773.JPG,Potato___Early_blight,Potato,early blight,24.37057642,82.2159962,6.122500955
/kaggle/input/plantdisease/PlantVillage/Tomato_Early_blight/0d5f65a3-b32f-4565-b63a-c6da73c1322b___RS_Erly.B 8310.JPG,Tomato_Early_blight,Tomato,early blight,20.3119134,89.61698293,10.2500167
/kaggle/input/plantdisease/PlantVillage/Potato___Early_blight/c17c36ed-c36f-42d4-812d-3b17158063d3___RS_Early.B 8398.JPG,Potato___Early_blight,Potato,early blight,24.08395908,81.90168409,9.328798829
/kaggle/input/plantdisease/PlantVillage/Tomato_Early_blight/c163bdbd-0c60-44da-be29-a1d0cad71b72___RS_Erly.B 8343.JPG,Tomato_Early_blight,Tomato,early blight,23.87258777,81.02389071,21.67694119
/kaggle/input/plantdisease/PlantVillage/Potato___Early_blight/dbe05365-9166-45f7-94cf-cefca787215a___RS_Early.B 9144.JPG,Potato___Early_blight,Potato,early blight,26.96281341,95.9967544,7.518523017
/kaggle/input/plantdisease/PlantVillage/Potato___Early_blight/8f0e6484-7d27-4ee1-849a-316c6195b139___RS_Early.B 6840.JPG,Potato___Early_blight,Potato,early blight,24.5977013,96.5263092,12.39480777
/kaggle/input/plantdisease/PlantVillage/Tomato_Early_blight/b8421c32-9111-49c0-8e78-f86a9912ece4___RS_Erly.B 7706.JPG,Tomato_Early_blight,Tomato,early blight,27.99585569,91.54783273,26.8148776
/kaggle/input/plantdisease/PlantVillage/Tomato_Early_blight/dc6eeebe-ebc4-406c-b5df-f4861f491db8___RS_Erly.B 9615.JPG,Tomato_Early_blight,Tomato,early blight,20.33650767,89.59195719,23.53929153
/kaggle/input/plantdisease/PlantVillage/Tomato_Early_blight/a2b13360-65ce-4302-8bec-50bdc1b9789d___RS_Erly.B 9446.JPG,Tomato_Early_blight,Tomato,early blight,24.49084984,80.07090376,15.89380644
/kaggle/input/plantdisease/PlantVillage/Tomato_Early_blight/398d72f7-db26-4138-9364-eb506f9495f4___RS_Erly.B 9450.JPG,Tomato_Early_blight,Tomato,early blight,28.07104094,94.61832277,22.95951206
/kaggle/input/plantdisease/PlantVillage/Tomato_Early_blight/29f6e3c2-0bf9-42fe-9a39-aef42acd5191___RS_Erly.B 9480.JPG,Tomato_Early_blight,Tomato,early blight,29.2805553,86.04206917,12.62209061
/kaggle/input/plantdisease/PlantVillage/Potato___Early_blight/b7157976-61c2-4366-87c5-e3de23aa7c10___RS_Early.B 7227.JPG,Potato___Early_blight,Potato,early blight,28.85352373,90.64162537,16.37708925
/kaggle/input/plantdisease/PlantVillage/Potato___Early_blight/93992994-fcb0-4d3e-b528-e6fd9fd1b317___RS_Early.B 6686.JPG,Potato___Early_blight,Potato,early blight,20.81202416,87.55950646,10.27834397
/kaggle/input/plantdisease/PlantVillage/Tomato_Early_blight/87725f1b-be8c-42b8-8eed-671b0c52276d___RS_Erly.B 7431.JPG,Tomato_Early_blight,Tomato,early blight,21.70488112,87.16969659,28.4748627
/kaggle/input/plantdisease/PlantVillage/Potato___Early_blight/d4cd2357-1142-4f0c-8c44-201241a27573___RS_Early.B 9146.JPG,Potato___Early_blight,Potato,early blight,21.06428914,91.85272743,4.557640751
/kaggle/input/plantdisease/PlantVillage/Potato___Early_blight/2b1718b3-c951-4f24-b6ec-4eb7df77c913___RS_Early.B 7475.JPG,Potato___Early_blight,Potato,early blight,20.04338904,93.23215674,16.07348779
/kaggle/input/plantdisease/PlantVillage/Potato___Early_blight/2c0e712a-fb21-44b6-bbe1-7c67cec7b965___RS_Early.B 7084.JPG,Potato___Early_blight,Potato,early blight,23.39776595,87.89236289,10.76733588
/kaggle/input/plantdisease/PlantVillage/Potato___Early_blight/779e2b0a-0922-41bc-9393-da3750494671___RS_Early.B 8382.JPG,Potato___Early_blight,Potato,early blight,26.19636604,97.76632182,10.50182785
/kaggle/input/plantdisease/PlantVillage/Tomato_Early_blight/98009062-b345-4f14-bc90-f458e6027918___RS_Erly.B 7411.JPG,Tomato_Early_blight,Tomato,early blight,30.89215998,85.46331536,21.46435999
/kaggle/input/plantdisease/PlantVillage/Potato___Early_blight/5585ecfc-6e6e-4544-8e6d-180d958b7211___RS_Early.B 7619.JPG,Potato___Early_blight,Potato,early blight,31.21017428,85.63586323,8.731766613
/kaggle/input/plantdisease/PlantVillage/Tomato_Early_blight/95f5cf16-3e2d-4b96-9f3d-732cf1c60d6e___RS_Erly.B 7564.JPG,Tomato_Early_blight,Tomato,early blight,30.11909056,99.555704,20.61194171
/kaggle/input/plantdisease/PlantVillage/Tomato_Early_blight/7b377a4c-886c-46c5-8a57-a636cc47c9a8___RS_Erly.B 6475.JPG,Tomato_Early_blight,Tomato,early blight,30.82251788,80.09661328,23.55113376
/kaggle/input/plantdisease/PlantVillage/Tomato_Early_blight/1bdb9ab4-1a7a-449a-b848-c446d7615d42___RS_Erly.B 8443.JPG,Tomato_Early_blight,Tomato,early blight,27.55776158,93.22537392,12.62626263
/kaggle/input/plantdisease/PlantVillage/Tomato_Early_blight/f0dfdada-f425-46d7-8cf3-2957850b5a2e___RS_Erly.B 9466.JPG,Tomato_Early_blight,Tomato,early blight,22.74548796,90.21097693,23.15000159
/kaggle/input/plantdisease/PlantVillage/Tomato_Early_blight/10a46a0b-debe-49f9-8562-c7c81855160e___RS_Erly.B 6339.JPG,Tomato_Early_blight,Tomato,early blight,30.43879282,95.45228219,29.47657708
/kaggle/input/plantdisease/PlantVillage/Tomato_Early_blight/87b7f08f-2ea2-4fce-bd6a-7aeee641652d___RS_Erly.B 8413.JPG,Tomato_Early_blight,Tomato,early blight,28.22563107,91.52412882,22.84997736
/kaggle/input/plantdisease/PlantVillage/Tomato_Early_blight/b58d7a66-097f-4167-abae-92f865407d90___RS_Erly.B 7845.JPG,Tomato_Early_blight,Tomato,early blight,20.46643264,83.00284426,4.564055655
/kaggle/input/plantdisease/PlantVillage/Potato___Early_blight/c18f83e1-2144-440f-9603-74fe58c66073___RS_Early.B 7844.JPG,Potato___Early_blight,Potato,early blight,31.39774622,81.70720641,15.69638909
/kaggle/input/plantdisease/PlantVillage/Tomato_Early_blight/0bb52721-51a6-4343-8c54-de15cedf8e5c___RS_Erly.B 7572.JPG,Tomato_Early_blight,Tomato,early blight,23.37876205,92.43392096,28.96801037
/kaggle/input/plantdisease/PlantVillage/Potato___Early_blight/e4b0f6ac-2b1e-4e10-8733-de421a01c390___RS_Early.B 8254.JPG,Potato___Early_blight,Potato,early blight,24.7778886,82.28489872,11.07733333
/kaggle/input/plantdisease/PlantVillage/Potato___Early_blight/c8a008b3-a81d-410c-97aa-94e92118e572___RS_Early.B 7616.JPG,Potato___Early_blight,Potato,early blight,20.16470935,83.92407965,6.917031462
/kaggle/input/plantdisease/PlantVillage/Potato___Early_blight/00d8f10f-5038-4e0f-bb58-0b885ddc0cc5___RS_Early.B 8722.JPG,Potato___Early_blight,Potato,early blight,20.65615236,87.49840618,10.20393387
/kaggle/input/plantdisease/PlantVillage/Tomato_Early_blight/801a593c-82f7-4433-8c30-9defa319bdb7___RS_Erly.B 9609.JPG,Tomato_Early_blight,Tomato,early blight,26.01552455,90.52425072,24.06822195
/kaggle/input/plantdisease/PlantVillage/Tomato_Early_blight/150cfe75-133e-4e98-90cb-de96a8120c03___RS_Erly.B 9414.JPG,Tomato_Early_blight,Tomato,early blight,20.46673985,90.93656314,11.44067797
/kaggle/input/plantdisease/PlantVillage/Potato___Early_blight/bddc2487-ecc6-447e-902f-3560a62e5e83___RS_Early.B 7307.JPG,Potato___Early_blight,Potato,early blight,22.21080424,94.52071908,7.372079454
/kaggle/input/plantdisease/PlantVillage/Tomato_Early_blight/51764eb9-fb8b-4c8a-9c30-3b474d659751___RS_Erly.B 7529.JPG,Tomato_Early_blight,Tomato,early blight,26.77238689,96.68422063,17.74345915
/kaggle/input/plantdisease/PlantVillage/Tomato_Early_blight/bdf7f885-1619-4b3f-bba8-e97896af0de5___RS_Erly.B 7819.JPG,Tomato_Early_blight,Tomato,early blight,23.52548519,89.49495025,15.60712142
/kaggle/input/plantdisease/PlantVillage/Potato___Early_blight/8493b49f-1b73-4d5c-b6f9-ae9a41091643___RS_Early.B 6720.JPG,Potato___Early_blight,Potato,early blight,23.99629801,85.38990685,8.662448786
/kaggle/input/plantdisease/PlantVillage/Tomato_Early_blight/e803b217-d9a9-4b0d-9ea1-679145625159___RS_Erly.B 9571.JPG,Tomato_Early_blight,Tomato,early blight,22.54010155,87.69944778,18.81534208
/kaggle/input/plantdisease/PlantVillage/Tomato_Early_blight/0db67be3-f733-4d15-b7d9-5d075b2cafc7___RS_Erly.B 6401.JPG,Tomato_Early_blight,Tomato,early blight,27.23966665,83.18548466,28.21982265
/kaggle/input/plantdisease/PlantVillage/Tomato_Early_blight/64e682a8-ff23-4b50-a656-72b090f5b43a___RS_Erly.B 9478.JPG,Tomato_Early_blight,Tomato,early blight,30.63602856,83.94287333,17.17676654
/kaggle/input/plantdisease/PlantVillage/Tomato_Early_blight/1873e09f-31fd-4612-920a-861fac1af687___RS_Erly.B 7797.JPG,Tomato_Early_blight,Tomato,early blight,24.85063933,89.95076603,21.77086639
/kaggle/input/plantdisease/PlantVillage/Potato___Early_blight/84546db4-ea7c-4357-bf3d-6afcae9a05bf___RS_Early.B 7637.JPG,Potato___Early_blight,Potato,early blight,23.49056341,82.71363292,10.90168835
/kaggle/input/plantdisease/PlantVillage/Potato___Early_blight/b301c9cd-7624-4261-ab4f-962936ebb92a___RS_Early.B 7632.JPG,Potato___Early_blight,Potato,early blight,21.3150719,89.96977298,13.53882378
/kaggle/input/plantdisease/PlantVillage/Tomato_Early_blight/a6abb0cb-af59-4136-a928-f08d5313ae36___RS_Erly.B 7561.JPG,Tomato_Early_blight,Tomato,early blight,29.93817013,97.52595228,26.45874176
/kaggle/input/plantdisease/PlantVillage/Potato___Early_blight/4eb1fee6-e288-4c32-841d-9fc1d1824508___RS_Early.B 8446.JPG,Potato___Early_blight,Potato,early blight,21.91501886,94.43810367,7.137820687
/kaggle/input/plantdisease/PlantVillage/Tomato_Early_blight/9249614a-4e74-49af-81ab-f8d0689fdc50___RS_Erly.B 7610.JPG,Tomato_Early_blight,Tomato,early blight,27.41399265,89.70133725,35.73214406
/kaggle/input/plantdisease/PlantVillage/Tomato_Early_blight/11f247d4-f87a-4273-bb9a-317e17916a75___RS_Erly.B 9470.JPG,Tomato_Early_blight,Tomato,early blight,22.45037461,80.95658325,22.75176827
/kaggle/input/plantdisease/PlantVillage/Potato___Early_blight/275c3337-11ee-487c-9093-bcd5e310c72c___RS_Early.B 7671.JPG,Potato___Early_blight,Potato,early blight,26.24340937,96.28559391,17.65061252
/kaggle/input/plantdisease/PlantVillage/Potato___Early_blight/cf3169aa-b842-46ed-bb1a-3e02b6858c86___RS_Early.B 7566.JPG,Potato___Early_blight,Potato,early blight,26.42684729,89.24989841,14.54043454
/kaggle/input/plantdisease/PlantVillage/Potato___Early_blight/b2e21749-afe2-4392-8d5d-23088d37873c___RS_Early.B 9028.JPG,Potato___Early_blight,Potato,early blight,22.59984237,81.37357484,5.368887982
/kaggle/input/plantdisease/PlantVillage/Potato___Early_blight/09ab9573-90d5-4001-9b74-14551935deef___RS_Early.B 7603.JPG,Potato___Early_blight,Potato,early blight,30.29716081,87.9525813,14.0868781
/kaggle/input/plantdisease/PlantVillage/Tomato_Early_blight/70de9ac6-f90f-441f-a51f-217f55213234___RS_Erly.B 9568.JPG,Tomato_Early_blight,Tomato,early blight,20.12787005,83.77364642,22.31899837
/kaggle/input/plantdisease/PlantVillage/Potato___Early_blight/109730cd-03f3-4139-a464-5f9151483e8c___RS_Early.B 6738.JPG,Potato___Early_blight,Potato,early blight,22.68248664,98.35543017,15.13280958
/kaggle/input/plantdisease/PlantVillage/Tomato_Early_blight/3387fbf2-ee72-4601-b8de-c863eb96d181___RS_Erly.B 7452.JPG,Tomato_Early_blight,Tomato,early blight,23.22189615,88.38405863,21.25209533
/kaggle/input/plantdisease/PlantVillage/Potato___Early_blight/1af20ff8-980d-4912-b337-804b09667de3___RS_Early.B 7392.JPG,Potato___Early_blight,Potato,early blight,21.01921584,88.80232115,11.97234009
/kaggle/input/plantdisease/PlantVillage/Potato___Early_blight/adc573cd-bbf3-4742-9bd5-1e3e6f27319a___RS_Early.B 8685.JPG,Potato___Early_blight,Potato,early blight,30.00471096,99.89351615,10.08614182
/kaggle/input/plantdisease/PlantVillage/Potato___Early_blight/56a6692b-15ba-4097-aba1-ba428b6fefcd___RS_Early.B 7899.JPG,Potato___Early_blight,Potato,early blight,29.76249607,92.58315267,9.083940207
/kaggle/input/plantdisease/PlantVillage/Potato___Early_blight/4a4847c4-c393-4772-8035-e39b472e179b___RS_Early.B 7167.JPG,Potato___Early_blight,Potato,early blight,28.28381363,84.16666078,9.769376815
/kaggle/input/plantdisease/PlantVillage/Tomato_Early_blight/3a5a5775-fd2c-43ea-ad6b-ce2e50b36dcf___RS_Erly.B 6469.JPG,Tomato_Early_blight,Tomato,early blight,25.87445676,83.19047399,25.48865069
/kaggle/input/plantdisease/PlantVillage/Potato___Early_blight/eb4fbc2b-c1a4-473f-a4e1-71ba04a7133c___RS_Early.B 7716.JPG,Potato___Early_blight,Potato,early blight,25.62984511,99.83010121,10.73933626
/kaggle/input/plantdisease/PlantVillage/Tomato_Early_blight/9b84e7ac-4ffd-4e0b-8099-86f30ad23cda___RS_Erly.B 7731.JPG,Tomato_Early_blight,Tomato,early blight,25.53935523,80.86207518,20.14208721
/kaggle/input/plantdisease/PlantVillage/Potato___Early_blight/78313ae7-3589-4d23-a5b6-0457e500bd1a___RS_Early.B 6768.JPG,Potato___Early_blight,Potato,early blight,26.89523822,99.90236862,17.1325941
/kaggle/input/plantdisease/PlantVillage/Potato___Early_blight/dd9c3ad3-aa94-4d00-88c8-8e4618e8832e___RS_Early.B 7633.JPG,Potato___Early_blight,Potato,early blight,27.71836249,95.71888236,17.5943328
/kaggle/input/plantdisease/PlantVillage/Tomato_Early_blight/e63371a7-2fb1-4446-9fb2-6d679485d2b0___RS_Erly.B 8415.JPG,Tomato_Early_blight,Tomato,early blight,26.47794041,80.91472627,19.29838168
/kaggle/input/plantdisease/PlantVillage/Potato___Early_blight/722bc78a-a1e0-481b-b5a3-cb3357f2f350___RS_Early.B 6803.JPG,Potato___Early_blight,Potato,early blight,31.55915663,89.43655723,23.79502229
/kaggle/input/plantdisease/PlantVillage/Potato___Early_blight/dd1e0739-c899-4c1e-99c8-fd83a6d55694___RS_Early.B 7862.JPG,Potato___Early_blight,Potato,early blight,21.86456228,82.44871318,10.867984
/kaggle/input/plantdisease/PlantVillage/Tomato_Early_blight/8f9b3d86-42dd-4932-b638-8376529afcaa___RS_Erly.B 9575.JPG,Tomato_Early_blight,Tomato,early blight,29.31362835,89.2083948,18.53876524
/kaggle/input/plantdisease/PlantVillage/Tomato_Early_blight/a2da7455-c116-4d02-b506-89183f817d78___RS_Erly.B 9371.JPG,Tomato_Early_blight,Tomato,early blight,31.90982806,91.92612429,18.21431611
/kaggle/input/plantdisease/PlantVillage/Potato___Early_blight/9ce9c6dc-b20c-47f8-91e0-31886945c4bb___RS_Early.B 8094.JPG,Potato___Early_blight,Potato,early blight,21.99220204,84.32078253,14.2578125
/kaggle/input/plantdisease/PlantVillage/Tomato_Early_blight/72c6a88e-87d8-45cb-8001-3dd67f90d46c___RS_Erly.B 8245.JPG,Tomato_Early_blight,Tomato,early blight,28.89911866,81.48005446,18.22604292
/kaggle/input/plantdisease/PlantVillage/Tomato_Early_blight/893b7469-eb50-4567-9292-dc8f7610c311___RS_Erly.B 6442.JPG,Tomato_Early_blight,Tomato,early blight,23.68031187,89.10690656,21.79565893
/kaggle/input/plantdisease/PlantVillage/Potato___Early_blight/b1b3c9c7-a4b9-4048-be45-fa9c5e507c66___RS_Early.B 7466.JPG,Potato___Early_blight,Potato,early blight,21.43223346,83.38761539,7.805185452
/kaggle/input/plantdisease/PlantVillage/Tomato_Early_blight/07324d80-17c5-4541-9702-62e9c744ac07___RS_Erly.B 7455.JPG,Tomato_Early_blight,Tomato,early blight,22.67523218,98.95176579,26.96238615
/kaggle/input/plantdisease/PlantVillage/Tomato_Early_blight/250df77c-cb57-4e85-9cf2-531033930030___RS_Erly.B 6477.JPG,Tomato_Early_blight,Tomato,early blight,30.33972676,91.14680669,18.87515645
/kaggle/input/plantdisease/PlantVillage/Potato___Early_blight/bac19c19-ab8b-466a-a317-56c1f35fb082___RS_Early.B 7141.JPG,Potato___Early_blight,Potato,early blight,23.26287788,95.17367246,9.57321733
/kaggle/input/plantdisease/PlantVillage/Potato___Early_blight/6319585f-ed2f-4657-ae79-a23db65d0fce___RS_Early.B 7033.JPG,Potato___Early_blight,Potato,early blight,28.57647297,83.24754672,14.92808923
/kaggle/input/plantdisease/PlantVillage/Potato___Early_blight/29386668-721c-4359-99a6-734f1a4b096b___RS_Early.B 8362.JPG,Potato___Early_blight,Potato,early blight,30.95056581,91.63708579,12.95757545
/kaggle/input/plantdisease/PlantVillage/Potato___Early_blight/b2b7758e-f201-4d9c-bc27-d53bb09b2dac___RS_Early.B 7025.JPG,Potato___Early_blight,Potato,early blight,31.37519073,90.81569283,14.21431254
/kaggle/input/plantdisease/PlantVillage/Potato___Early_blight/7584a5b8-b701-4255-9dde-a60b6442cc37___RS_Early.B 9154.JPG,Potato___Early_blight,Potato,early blight,29.46713786,95.6676461,13.48057163
/kaggle/input/plantdisease/PlantVillage/Tomato_Early_blight/40e8b878-dc2f-4cbd-ac31-c07f372bb0fa___RS_Erly.B 7369.JPG,Tomato_Early_blight,Tomato,early blight,21.57949071,90.01104399,26.18075802
/kaggle/input/plantdisease/PlantVillage/Tomato_Early_blight/a2ec9710-99ea-4dc5-a88c-69974e0557dc___RS_Erly.B 9412.JPG,Tomato_Early_blight,Tomato,early blight,28.74863605,83.01133451,10.3084161
/kaggle/input/plantdisease/PlantVillage/Potato___Early_blight/94eb2aa6-7f9e-4a5a-b519-2106984e9a7d___RS_Early.B 8770.JPG,Potato___Early_blight,Potato,early blight,20.00893522,80.64707491,10.56114609
/kaggle/input/plantdisease/PlantVillage/Potato___Early_blight/68a9df4a-f803-4cf1-bfce-1a637a2befcc___RS_Early.B 7654.JPG,Potato___Early_blight,Potato,early blight,20.01578254,94.50065988,14.95077769
/kaggle/input/plantdisease/PlantVillage/Potato___Early_blight/b6b4aa28-edc4-4e9f-bc0d-bd4b0ec085a2___RS_Early.B 7559.JPG,Potato___Early_blight,Potato,early blight,28.91651152,82.63392963,10.92463585
/kaggle/input/plantdisease/PlantVillage/Tomato_Early_blight/dc474f67-5e4c-4c60-b1fd-aaafea2bc34c___RS_Erly.B 9519.JPG,Tomato_Early_blight,Tomato,early blight,27.09146519,83.65937254,22.69311226
/kaggle/input/plantdisease/PlantVillage/Tomato_Early_blight/23e8ae15-6cfc-4518-9266-3a289a7bced7___RS_Erly.B 6479.JPG,Tomato_Early_blight,Tomato,early blight,29.24848016,87.40354079,19.28621523
/kaggle/input/plantdisease/PlantVillage/Potato___Early_blight/ba5dfd98-89d6-49d5-b398-beb05cb9d8ad___RS_Early.B 7824.JPG,Potato___Early_blight,Potato,early blight,20.65089949,93.57695613,12.02023642
/kaggle/input/plantdisease/PlantVillage/Potato___Early_blight/af0ee942-50f5-43a7-a9fe-486ba1f5f989___RS_Early.B 7700.JPG,Potato___Early_blight,Potato,early blight,28.51962311,91.10907021,22.7729104
/kaggle/input/plantdisease/PlantVillage/Tomato_Early_blight/6f8ac19d-d97f-47ee-8ad4-bb53ab7984a0___RS_Erly.B 7786.JPG,Tomato_Early_blight,Tomato,early blight,23.16401434,86.97054322,11.3984628
/kaggle/input/plantdisease/PlantVillage/Potato___Early_blight/4b925312-1973-41cf-afdf-9090d02dd539___RS_Early.B 7913.JPG,Potato___Early_blight,Potato,early blight,23.42656755,82.95846408,9.70313359
/kaggle/input/plantdisease/PlantVillage/Potato___Early_blight/63b61694-16e9-4ef4-ad6f-5e27d2c9eed9___RS_Early.B 6871.JPG,Potato___Early_blight,Potato,early blight,26.79326656,93.07131865,11.68939184
/kaggle/input/plantdisease/PlantVillage/Potato___Early_blight/4f71ba26-6612-427b-8dc0-4d8cc909f1fa___RS_Early.B 7122.JPG,Potato___Early_blight,Potato,early blight,28.75662339,82.34321079,13.89682202
/kaggle/input/plantdisease/PlantVillage/Potato___Late_blight/530d9a52-266a-49ca-b0d0-a430acac0011___RS_LB 5054.JPG,Potato___Late_blight,Potato,late blight,20.83202434,95.32416939,9.163055396
/kaggle/input/plantdisease/PlantVillage/Tomato_Late_blight/cf17b854-3985-4aaa-a044-9babdc780668___GHLB2 Leaf 8775.JPG,Tomato_Late_blight,Tomato,late blight,15.0972472,94.59058176,5.517241379
/kaggle/input/plantdisease/PlantVillage/Potato___Late_blight/b11189c8-ab6f-4d69-9ffa-e52749d2a3a5___RS_LB 4537.JPG,Potato___Late_blight,Potato,late blight,20.15917358,93.75754689,15.25494832
/kaggle/input/plantdisease/PlantVillage/Potato___Late_blight/1e69b122-3920-4c4a-bfff-a18f3d6c3f89___RS_LB 4766.JPG,Potato___Late_blight,Potato,late blight,20.28396767,95.45513138,7.298322684
/kaggle/input/plantdisease/PlantVillage/Potato___Late_blight/990428a4-bfa8-450d-a755-fade1df0a214___RS_LB 4082.JPG,Potato___Late_blight,Potato,late blight,24.06111306,95.74476122,7.135594234
/kaggle/input/plantdisease/PlantVillage/Tomato_Late_blight/d2b12108-4222-4653-85f2-9d59c5929c1e___RS_Late.B 6360.JPG,Tomato_Late_blight,Tomato,late blight,15.97442099,96.42349062,7.70826929
/kaggle/input/plantdisease/PlantVillage/Potato___Late_blight/9bdce182-987e-4996-8cc8-34694b4e24e9___RS_LB 2837.JPG,Potato___Late_blight,Potato,late blight,24.05901916,98.123243,11.47599791
/kaggle/input/plantdisease/PlantVillage/Tomato_Late_blight/d63639eb-4a20-4321-b8b6-38de563a1ee6___GHLB_PS Leaf 26.4 Day 13.jpg,Tomato_Late_blight,Tomato,late blight,18.31745086,90.75691602,6.540688427
/kaggle/input/plantdisease/PlantVillage/Tomato_Late_blight/79bc9614-3dc9-49df-b4dd-8fc9a269a7c5___RS_Late.B 5314.JPG,Tomato_Late_blight,Tomato,late blight,22.54376407,98.57720232,9.732663138
/kaggle/input/plantdisease/PlantVillage/Potato___Late_blight/93935af4-3aae-4dd6-90d9-fb28e439faf0___RS_LB 3299.JPG,Potato___Late_blight,Potato,late blight,16.15205985,94.507565,9.337349398
/kaggle/input/plantdisease/PlantVillage/Potato___Late_blight/c4aec622-2e7b-49f6-bab3-6c4dce29f155___RS_LB 3118.JPG,Potato___Late_blight,Potato,late blight,15.53597571,94.69761638,13.84754705
/kaggle/input/plantdisease/PlantVillage/Potato___Late_blight/05817623-2c4e-4517-88a1-fe81b9a73742___RS_LB 3920.JPG,Potato___Late_blight,Potato,late blight,18.50876871,94.0002394,9.915992175
/kaggle/input/plantdisease/PlantVillage/Tomato_Late_blight/9ec534c9-70e3-43de-876e-3bfd87ef324c___RS_Late.B 5163.JPG,Tomato_Late_blight,Tomato,late blight,18.539266,97.75506263,16.31819747
/kaggle/input/plantdisease/PlantVillage/Tomato_Late_blight/a7f4ecd0-7040-4a9f-830e-7b4572277d2d___GHLB2 Leaf 8937.JPG,Tomato_Late_blight,Tomato,late blight,16.1317351,90.97679067,9.761754164
/kaggle/input/plantdisease/PlantVillage/Tomato_Late_blight/0e244a32-08cd-471c-90dd-141c354c20b3___GHLB2 Leaf 8634.JPG,Tomato_Late_blight,Tomato,late blight,15.45825529,99.60911188,8.70621753
/kaggle/input/plantdisease/PlantVillage/Tomato_Late_blight/e1fa1e4a-7259-496f-8066-79678f36f3e8___GHLB2 Leaf 8593.JPG,Tomato_Late_blight,Tomato,late blight,23.8525583,93.41073126,3.790341765
/kaggle/input/plantdisease/PlantVillage/Tomato_Late_blight/a4c94aed-b771-4e61-bbd6-dab1e94a3a47___GHLB2 Leaf 8928.JPG,Tomato_Late_blight,Tomato,late blight,25.42054902,91.27514418,12.12061334
/kaggle/input/plantdisease/PlantVillage/Tomato_Late_blight/76ca83b8-0695-470d-a715-2fcb9efb4fc4___RS_Late.B 5062.JPG,Tomato_Late_blight,Tomato,late blight,19.86553893,90.80143307,33.88000467
/kaggle/input/plantdisease/PlantVillage/Tomato_Late_blight/a54133fc-459a-4e56-88e3-51ca0aeffadd___RS_Late.B 6258.JPG,Tomato_Late_blight,Tomato,late blight,15.92117882,92.51692263,11.49042465
/kaggle/input/plantdisease/PlantVillage/Potato___Late_blight/17a07992-ebb9-4368-8cb7-4af40d8ded08___RS_LB 3064.JPG,Potato___Late_blight,Potato,late blight,16.77014402,96.19837588,14.83989279
/kaggle/input/plantdisease/PlantVillage/Potato___Late_blight/e749122f-0dcc-4613-87a9-5347a51a7b58___RS_LB 4409.JPG,Potato___Late_blight,Potato,late blight,15.45246049,90.3510501,25.2367457
/kaggle/input/plantdisease/PlantVillage/Tomato_Late_blight/319d4c9a-92d4-41ff-b351-f3d439233c9e___RS_Late.B 6357.JPG,Tomato_Late_blight,Tomato,late blight,16.76127118,92.44187007,18.73828168
/kaggle/input/plantdisease/PlantVillage/Tomato_Late_blight/a6876e29-dc0f-4716-bd3c-eedc9f45cf70___GHLB_PS Leaf 41 Day 18.jpg,Tomato_Late_blight,Tomato,late blight,17.26065965,90.22994143,3.536842105
/kaggle/input/plantdisease/PlantVillage/Tomato_Late_blight/ac1fbb8a-2a44-4d70-8c93-fc3cc13a876d___GHLB_PS Leaf 17 Day 8.jpg,Tomato_Late_blight,Tomato,late blight,18.51360084,94.53779082,9.851091992
/kaggle/input/plantdisease/PlantVillage/Tomato_Late_blight/5c63799e-98ee-4f57-9f01-8695b60243de___RS_Late.B 5144.JPG,Tomato_Late_blight,Tomato,late blight,19.05488855,93.71956607,18.01940369
/kaggle/input/plantdisease/PlantVillage/Tomato_Late_blight/c6d3045a-d685-4e70-9e68-daaecabdddf4___GHLB2 Leaf 159.2.JPG,Tomato_Late_blight,Tomato,late blight,25.53039263,98.07654398,9.679937549
/kaggle/input/plantdisease/PlantVillage/Tomato_Late_blight/d11994f7-7c51-41b1-8225-c628e0e15885___GHLB2 Leaf 8683.JPG,Tomato_Late_blight,Tomato,late blight,21.27121565,96.31745595,13.07581462
/kaggle/input/plantdisease/PlantVillage/Tomato_Late_blight/a78725bd-f2c9-405e-8591-c8b009f43ea7___RS_Late.B 4918.JPG,Tomato_Late_blight,Tomato,late blight,15.70190809,98.75653864,14.53114025
/kaggle/input/plantdisease/PlantVillage/Tomato_Late_blight/79619905-8b34-42a0-8176-17e28c200a5b___RS_Late.B 5090.JPG,Tomato_Late_blight,Tomato,late blight,22.11408053,90.71068408,10.906298
/kaggle/input/plantdisease/PlantVillage/Tomato_Late_blight/16984239-2e67-407e-b600-4a3666500534___RS_Late.B 5182.JPG,Tomato_Late_blight,Tomato,late blight,16.52871788,92.67582064,22.78951033
/kaggle/input/plantdisease/PlantVillage/Potato___Late_blight/ec5974a3-4c73-4129-a372-8ddec73eb246___RS_LB 3034.JPG,Potato___Late_blight,Potato,late blight,22.93951122,95.46593197,14.95925495
/kaggle/input/plantdisease/PlantVillage/Tomato_Late_blight/26c09416-7271-4262-9ddc-fb741bedce05___GHLB2 Leaf 97.1.JPG,Tomato_Late_blight,Tomato,late blight,23.67398394,97.3255396,7.715691951
/kaggle/input/plantdisease/PlantVillage/Tomato_Late_blight/f385d5e4-5dff-4851-a806-95a608d04b17___GHLB2 Leaf 132.1.JPG,Tomato_Late_blight,Tomato,late blight,20.26483996,97.32905967,6.639671622
/kaggle/input/plantdisease/PlantVillage/Tomato_Late_blight/81b4d72b-4124-45d4-b96a-0ec13ca7f376___GHLB2 Leaf 8989.JPG,Tomato_Late_blight,Tomato,late blight,19.23932435,92.35592028,11.69572108
/kaggle/input/plantdisease/PlantVillage/Tomato_Late_blight/ecb763a0-f905-48f2-a142-afa120068c82___GHLB2ES Leaf 119.2.JPG,Tomato_Late_blight,Tomato,late blight,21.87929941,96.92162317,12.04434097
/kaggle/input/plantdisease/PlantVillage/Potato___Late_blight/3f0fd699-1ce7-437e-a899-662a51d59974___RS_LB 2904.JPG,Potato___Late_blight,Potato,late blight,21.6438678,98.53255973,12.50933068
/kaggle/input/plantdisease/PlantVillage/Potato___Late_blight/ad628434-32ce-4365-90b0-f394d98fbe00___RS_LB 4905.JPG,Potato___Late_blight,Potato,late blight,24.94524011,96.3174355,11.47340614
/kaggle/input/plantdisease/PlantVillage/Tomato_Late_blight/116c7fc2-8443-40b7-a8c0-9619e3e46f08___GHLB2 Leaf 8797.JPG,Tomato_Late_blight,Tomato,late blight,19.05786142,95.15635721,38.4192096
/kaggle/input/plantdisease/PlantVillage/Tomato_Late_blight/b6457b32-7732-4caf-a316-74021b265359___GHLB2 Leaf 9054.JPG,Tomato_Late_blight,Tomato,late blight,22.09763895,99.76351118,15.61288953
/kaggle/input/plantdisease/PlantVillage/Potato___Late_blight/c746bac3-3c7a-445c-b78e-19294bd9a9cb___RS_LB 5233.JPG,Potato___Late_blight,Potato,late blight,19.81299775,94.64425262,6.534116314
/kaggle/input/plantdisease/PlantVillage/Tomato_Late_blight/e0cf0b07-8ee9-406e-a7fb-5410ba7c84b7___GHLB2 Leaf 8630.JPG,Tomato_Late_blight,Tomato,late blight,17.21235479,99.12247353,8.548676712
/kaggle/input/plantdisease/PlantVillage/Tomato_Late_blight/ed6a8fb9-9fa8-4d3d-a727-676ec58d147a___RS_Late.B 7036.JPG,Tomato_Late_blight,Tomato,late blight,24.74578573,97.89139817,14.314238
/kaggle/input/plantdisease/PlantVillage/Tomato_Late_blight/f1aca7db-32e7-4cbe-a9ca-0b185fd1a1a9___GHLB2 Leaf 89.1.JPG,Tomato_Late_blight,Tomato,late blight,19.73889726,99.92538711,19.70398512
/kaggle/input/plantdisease/PlantVillage/Potato___Late_blight/76bea797-306c-4fc5-a868-69394fed05d4___RS_LB 2900.JPG,Potato___Late_blight,Potato,late blight,18.4687406,92.96084164,15.59161596
/kaggle/input/plantdisease/PlantVillage/Tomato_Late_blight/4a5a39d1-e05e-4ec2-acf7-3987cd04a71e___RS_Late.B 6547.JPG,Tomato_Late_blight,Tomato,late blight,22.91974203,95.73044006,15.95985356
/kaggle/input/plantdisease/PlantVillage/Tomato_Late_blight/9bd2db81-5615-49e0-8697-e38d34b5a2ca___GHLB_PS Leaf 24.2 Day 13.jpg,Tomato_Late_blight,Tomato,late blight,25.71585913,93.86606829,14.55292428
/kaggle/input/plantdisease/PlantVillage/Potato___Late_blight/3f624c56-6bd1-4e7e-8fcd-d6b4480abe12___RS_LB 5215.JPG,Potato___Late_blight,Potato,late blight,20.57962972,99.96673775,11.33187647
/kaggle/input/plantdisease/PlantVillage/Potato___Late_blight/a8db407c-12cb-460c-991a-8f60d20c06bc___RS_LB 5117.JPG,Potato___Late_blight,Potato,late blight,22.66672188,93.55569126,12.91721126
/kaggle/input/plantdisease/PlantVillage/Tomato_Late_blight/ddbd7e1c-c100-4298-a7f5-ebae1e9cff38___GHLB Leaf 1 Day 12.JPG,Tomato_Late_blight,Tomato,late blight,18.44875484,92.30659169,28.04735326
/kaggle/input/plantdisease/PlantVillage/Tomato_Late_blight/fcfe91fc-c578-4c6d-8fe4-b8ff4cfdb766___GHLB2 Leaf 75.1.JPG,Tomato_Late_blight,Tomato,late blight,16.33479062,96.46865851,12.94946769
/kaggle/input/plantdisease/PlantVillage/Tomato_Late_blight/8e89b070-c8f0-47f5-a7c4-e28a92e0454b___GHLB2 Leaf 9097.JPG,Tomato_Late_blight,Tomato,late blight,24.66144989,96.84907927,19.70140515
/kaggle/input/plantdisease/PlantVillage/Tomato_Late_blight/bff1cbac-a141-4eda-ab29-b34dee705bce___GHLB_PS Leaf 47 Day 18.jpg,Tomato_Late_blight,Tomato,late blight,15.40305932,97.92238802,2.636086082
/kaggle/input/plantdisease/PlantVillage/Tomato_Late_blight/31df9041-c8b0-4ebb-93f7-cdac5338723b___GHLB Leaf 3.1 Day 1.JPG,Tomato_Late_blight,Tomato,late blight,23.33793038,95.74541339,17.63204398
/kaggle/input/plantdisease/PlantVillage/Tomato_Late_blight/badd718d-0a43-411b-889c-d46a01834dba___RS_Late.B 5547.JPG,Tomato_Late_blight,Tomato,late blight,20.99984991,92.21888864,11.07264795
/kaggle/input/plantdisease/PlantVillage/Tomato_Late_blight/c57464ef-c813-4ee5-90db-2b196b996d57___GHLB2 Leaf 154.3.JPG,Tomato_Late_blight,Tomato,late blight,19.30741444,97.74852302,12.94149734
/kaggle/input/plantdisease/PlantVillage/Tomato_Late_blight/781582d3-8bad-4e20-9073-e1fa1b50abba___RS_Late.B 6269.JPG,Tomato_Late_blight,Tomato,late blight,21.60062234,91.83636758,39.10153102
/kaggle/input/plantdisease/PlantVillage/Tomato_Late_blight/fc0cec90-4a1e-4cdc-95cf-a34abc1dc8c9___GHLB2 Leaf 117.2.JPG,Tomato_Late_blight,Tomato,late blight,20.20498962,97.36465324,11.4999549
/kaggle/input/plantdisease/PlantVillage/Tomato_Late_blight/a67ce05c-3102-4dd9-ac63-872a526f5ae8___RS_Late.B 6124.JPG,Tomato_Late_blight,Tomato,late blight,19.02951083,98.12884622,19.07657536
/kaggle/input/plantdisease/PlantVillage/Tomato_Late_blight/e686c35e-fcb4-463b-ad2a-2c1da18135bb___GHLB2 Leaf 9023.JPG,Tomato_Late_blight,Tomato,late blight,21.14714923,99.04448059,13.56146325
/kaggle/input/plantdisease/PlantVillage/Tomato_Late_blight/ce3f895d-e031-4ed9-ac40-7f6550894bff___GHLB_PS Leaf 52.1 Day 18.jpg,Tomato_Late_blight,Tomato,late blight,21.28988594,92.77007608,26.72892977
/kaggle/input/plantdisease/PlantVillage/Tomato_Late_blight/fd99b211-340e-4ac0-9c33-b59e9c594ba2___GHLB2 Leaf 93.JPG,Tomato_Late_blight,Tomato,late blight,16.39346158,96.98415015,12.28389831
/kaggle/input/plantdisease/PlantVillage/Tomato_Late_blight/16e4a1f9-21c2-4c1a-bdbc-1336da74ba2c___GHLB2 Leaf 145.3.JPG,Tomato_Late_blight,Tomato,late blight,24.73490306,94.76673575,6.63464153
/kaggle/input/plantdisease/PlantVillage/Tomato_Late_blight/ff03c1b7-ae44-4b97-b0c8-ec2c6ca7f4e5___GHLB2ES Leaf 63.1.JPG,Tomato_Late_blight,Tomato,late blight,21.60986884,92.99871805,9.681907054
/kaggle/input/plantdisease/PlantVillage/Potato___Late_blight/ecfc161f-11f6-449f-80c1-1b0254f5179a___RS_LB 4279.JPG,Potato___Late_blight,Potato,late blight,17.93933471,98.15162405,8.699517833
/kaggle/input/plantdisease/PlantVillage/Potato___Late_blight/3456a2d1-59d1-4111-9cc8-16a6b12e973e___RS_LB 5249.JPG,Potato___Late_blight,Potato,late blight,25.63276517,92.11432412,7.84913672
/kaggle/input/plantdisease/PlantVillage/Tomato_Late_blight/0ccaeb36-37ff-4328-91c8-99aabd68f442___RS_Late.B 6596.JPG,Tomato_Late_blight,Tomato,late blight,19.15274363,98.19707954,10.25288023
/kaggle/input/plantdisease/PlantVillage/Tomato_Late_blight/9d71e1ca-5f24-4932-8b15-e280f6582c95___GHLB2 Leaf 94.1.JPG,Tomato_Late_blight,Tomato,late blight,22.2770635,95.37693139,13.89095646
/kaggle/input/plantdisease/PlantVillage/Tomato_Late_blight/d6e6897a-5083-4914-9903-804c5684a956___GHLB2 Leaf 102.JPG,Tomato_Late_blight,Tomato,late blight,15.09056864,96.712615,26.97228627
/kaggle/input/plantdisease/PlantVillage/Tomato_Late_blight/2f26c159-70bd-4405-b61e-150aaf779c41___RS_Late.B 4919.JPG,Tomato_Late_blight,Tomato,late blight,18.09604952,91.22997288,12.46823649
/kaggle/input/plantdisease/PlantVillage/Potato___Late_blight/b8b4064f-208a-46f9-b13e-5096fdbdb429___RS_LB 2591.JPG,Potato___Late_blight,Potato,late blight,20.39290633,93.74839191,13.61459248
/kaggle/input/plantdisease/PlantVillage/Potato___Late_blight/1cffe6a1-6fb3-4506-846c-478148a2b678___RS_LB 4380.JPG,Potato___Late_blight,Potato,late blight,20.04043326,95.07688111,21.96310843
/kaggle/input/plantdisease/PlantVillage/Tomato_Late_blight/283ff0be-6e5e-4b4e-bf21-639780b77ffc___GHLB2 Leaf 8636.JPG,Tomato_Late_blight,Tomato,late blight,24.15412776,93.97377082,9.177239823
/kaggle/input/plantdisease/PlantVillage/Tomato_Late_blight/6fcf86a2-e2fd-4a55-bdd4-216d58497f55___RS_Late.B 5064.JPG,Tomato_Late_blight,Tomato,late blight,18.3828373,99.08426402,26.3393407
/kaggle/input/plantdisease/PlantVillage/Tomato_Late_blight/079f7695-a60e-4a35-a1f3-fbe71cf19126___GHLB2 Leaf 8783.JPG,Tomato_Late_blight,Tomato,late blight,24.26550272,93.73478305,15.73263033
/kaggle/input/plantdisease/PlantVillage/Tomato_Late_blight/fd26b445-5839-4337-858c-a91dfdd812cc___GHLB2 Leaf 8743.JPG,Tomato_Late_blight,Tomato,late blight,25.80787399,98.0256512,7.413647852
/kaggle/input/plantdisease/PlantVillage/Potato___Late_blight/df40ffa7-8efd-4720-8786-a30b9011dcfc___RS_LB 4150.JPG,Potato___Late_blight,Potato,late blight,21.010728,99.27425179,12.22531251
/kaggle/input/plantdisease/PlantVillage/Tomato_Late_blight/f15b868b-23ae-4e87-8053-6199c363e079___GHLB2 Leaf 8984.JPG,Tomato_Late_blight,Tomato,late blight,24.91645962,99.2292818,12.89552239
/kaggle/input/plantdisease/PlantVillage/Tomato_Late_blight/93cfbf22-96aa-4d97-ae92-9117209d23c0___RS_Late.B 6192.JPG,Tomato_Late_blight,Tomato,late blight,23.48408979,98.06626804,9.660456731
/kaggle/input/plantdisease/PlantVillage/Potato___Late_blight/b9aecfc3-98d5-467a-8773-ee2905918c71___RS_LB 5161.JPG,Potato___Late_blight,Potato,late blight,23.21295786,92.18846177,11.00960744
/kaggle/input/plantdisease/PlantVillage/Tomato_Late_blight/0c73c79f-a384-4729-83c7-72c9b04da20c___GHLB2 Leaf 8927.JPG,Tomato_Late_blight,Tomato,late blight,24.32944948,91.81340046,10.22401591
/kaggle/input/plantdisease/PlantVillage/Tomato_Late_blight/760a8072-2979-49aa-a6bf-e075151758d8___RS_Late.B 5089.JPG,Tomato_Late_blight,Tomato,late blight,16.23537487,96.14069628,17.08650881
/kaggle/input/plantdisease/PlantVillage/Tomato_Late_blight/60196a6c-a134-4107-8178-d1bb47450cee___GHLB Leaf 23.1 Day 9.jpg,Tomato_Late_blight,Tomato,late blight,25.08892404,98.61000206,44.03343198
/kaggle/input/plantdisease/PlantVillage/Tomato_Late_blight/08f6ed0a-4cd0-4bd3-8983-469002cad2d9___GHLB2 Leaf 9078.JPG,Tomato_Late_blight,Tomato,late blight,18.70314714,93.4470739,15.24691957
/kaggle/input/plantdisease/PlantVillage/Potato___Late_blight/c87b7e98-d4ed-446a-bf9e-47bd454f279b___RS_LB 2860.JPG,Potato___Late_blight,Potato,late blight,16.41793104,98.18844559,15.7866086
/kaggle/input/plantdisease/PlantVillage/Tomato_Late_blight/7c367715-8147-42a2-803a-987828f88d76___GHLB2 Leaf 144.2.JPG,Tomato_Late_blight,Tomato,late blight,21.16971363,99.24567268,11.39933708
/kaggle/input/plantdisease/PlantVillage/Tomato_Late_blight/942e670b-9e1b-4c27-a2d7-287ad07fd986___RS_Late.B 4977.JPG,Tomato_Late_blight,Tomato,late blight,19.18855298,98.52205437,20.39917816
/kaggle/input/plantdisease/PlantVillage/Tomato_Late_blight/703b175a-b3e2-4629-9569-9b4caf185589___RS_Late.B 5098.JPG,Tomato_Late_blight,Tomato,late blight,16.33436513,98.34908856,11.80101907
/kaggle/input/plantdisease/PlantVillage/Potato___Late_blight/9001b18c-b659-4c56-9dfb-0d0bf64a7b4a___RS_LB 4987.JPG,Potato___Late_blight,Potato,late blight,24.99702419,95.96182469,7.117346939
/kaggle/input/plantdisease/PlantVillage/Tomato_Late_blight/0f67214c-eede-4292-b731-30ef1c47b7b6___RS_Late.B 4902.JPG,Tomato_Late_blight,Tomato,late blight,25.97210745,91.07463337,17.57482732
/kaggle/input/plantdisease/PlantVillage/Tomato_Late_blight/830fab73-df27-4430-ba0a-2b638be3b6b4___GHLB2 Leaf 8946.JPG,Tomato_Late_blight,Tomato,late blight,15.39955925,91.24737781,13.57504216
/kaggle/input/plantdisease/PlantVillage/Potato___Late_blight/02282fee-ba3f-460e-91e0-630204ab96c2___RS_LB 5031.JPG,Potato___Late_blight,Potato,late blight,15.80681521,91.21704588,9.218436874
/kaggle/input/plantdisease/PlantVillage/Potato___Late_blight/b0eebb8f-c322-4b56-8897-2cc98d474440___RS_LB 5286.JPG,Potato___Late_blight,Potato,late blight,25.27963239,99.71993309,10.50664871
/kaggle/input/plantdisease/PlantVillage/Tomato_Late_blight/2830b7f1-f265-482b-b0bf-ed5b49d71c99___GHLB2 Leaf 8992.JPG,Tomato_Late_blight,Tomato,late blight,21.43215013,96.00345997,15.28089888
/kaggle/input/plantdisease/PlantVillage/Tomato_Late_blight/0a6203b9-ced0-4934-ae23-4a7d2e2e2fdd___RS_Late.B 6424.JPG,Tomato_Late_blight,Tomato,late blight,19.89036666,96.21975593,16.992864
/kaggle/input/plantdisease/PlantVillage/Potato___Late_blight/ae805316-66e9-4aaf-b938-8460734b90ec___RS_LB 3004.JPG,Potato___Late_blight,Potato,late blight,23.97427349,97.22756694,9.768811563
/kaggle/input/plantdisease/PlantVillage/Potato___Late_blight/c4c1c25f-0594-4c81-a1e0-a609ee1f0808___RS_LB 2653.JPG,Potato___Late_blight,Potato,late blight,19.6060378,90.05763432,19.38678813
/kaggle/input/plantdisease/PlantVillage/Tomato_Late_blight/cf2e943e-c8d7-43eb-a137-72f6b67b187a___RS_Late.B 7192.JPG,Tomato_Late_blight,Tomato,late blight,23.7037728,90.49334486,16.70892675
/kaggle/input/plantdisease/PlantVillage/Tomato_Late_blight/f68ecc9a-4ac2-4dde-b2bb-97f2c438ffd8___GHLB2 Leaf 8964.JPG,Tomato_Late_blight,Tomato,late blight,16.56076647,95.64249769,15.21555368
/kaggle/input/plantdisease/PlantVillage/Tomato_Late_blight/52451f9c-825f-4907-8ee6-deeb5899d9b5___RS_Late.B 5449.JPG,Tomato_Late_blight,Tomato,late blight,23.59611595,97.58335242,16.24196237
/kaggle/input/plantdisease/PlantVillage/Tomato_Late_blight/909832a0-b9f8-4624-894f-16b200489acb___GHLB2 Leaf 161.JPG,Tomato_Late_blight,Tomato,late blight,23.04415589,99.93959318,12.19702132
/kaggle/input/plantdisease/PlantVillage/Tomato_Leaf_Mold/37c86551-b516-4b74-bcee-24b2ed387b06___Crnl_L.Mold 9046.JPG,Tomato_Leaf_Mold,Tomato,leaf mold,20.41327299,85.68304619,16.12800292
/kaggle/input/plantdisease/PlantVillage/Tomato_Leaf_Mold/f48883d4-b37c-46b9-8e3d-a3cb04ff6067___Crnl_L.Mold 6641.JPG,Tomato_Leaf_Mold,Tomato,leaf mold,23.3320218,86.16039879,21.11733204
/kaggle/input/plantdisease/PlantVillage/Tomato_Leaf_Mold/eab7f198-a04b-4e25-b329-41e7666d1fde___Crnl_L.Mold 6773.JPG,Tomato_Leaf_Mold,Tomato,leaf mold,20.01418856,98.92368008,18.02555591
/kaggle/input/plantdisease/PlantVillage/Tomato_Leaf_Mold/8f4781c0-53fa-4056-839e-400915d8aa5e___Crnl_L.Mold 6683.JPG,Tomato_Leaf_Mold,Tomato,leaf mold,26.58062708,96.64442576,22.05193937
/kaggle/input/plantdisease/PlantVillage/Tomato_Leaf_Mold/2a27ed39-5f6c-490e-8dae-8b1df4683dbc___Crnl_L.Mold 9099.JPG,Tomato_Leaf_Mold,Tomato,leaf mold,21.31060719,97.47756264,22.14528669
/kaggle/input/plantdisease/PlantVillage/Tomato_Leaf_Mold/9fb7c429-8238-4032-9a4e-e5ac25742f88___Crnl_L.Mold 6867.JPG,Tomato_Leaf_Mold,Tomato,leaf mold,19.0515645,89.86650424,8.675868925
/kaggle/input/plantdisease/PlantVillage/Tomato_Leaf_Mold/d76eb906-9957-4572-bf7f-60936f30f8f3___Crnl_L.Mold 8640.JPG,Tomato_Leaf_Mold,Tomato,leaf mold,26.81046887,86.91283885,18.90547264
/kaggle/input/plantdisease/PlantVillage/Tomato_Leaf_Mold/8f03cf41-751b-4dd9-9f74-e7bd40919d96___Crnl_L.Mold 7074.JPG,Tomato_Leaf_Mold,Tomato,leaf mold,22.38752037,86.70003248,33.20383037
/kaggle/input/plantdisease/PlantVillage/Tomato_Leaf_Mold/9afdf72c-5e19-40bd-8035-daf70f1cf8ce___Crnl_L.Mold 6617.JPG,Tomato_Leaf_Mold,Tomato,leaf mold,26.75639464,93.20445365,19.34524929
/kaggle/input/plantdisease/PlantVillage/Tomato_Leaf_Mold/1071fb04-ba12-4c59-a6ef-b43cd16139e5___Crnl_L.Mold 7119.JPG,Tomato_Leaf_Mold,Tomato,leaf mold,21.06110061,94.58623252,28.3041166
/kaggle/input/plantdisease/PlantVillage/Tomato_Leaf_Mold/cfb343fb-950d-488c-a158-8208aa69c1b0___Crnl_L.Mold 6751.JPG,Tomato_Leaf_Mold,Tomato,leaf mold,18.97600824,90.13200109,13.67758804
/kaggle/input/plantdisease/PlantVillage/Tomato_Leaf_Mold/f63bb2e2-d13c-4e48-8e94-4d97f0dbad49___Crnl_L.Mold 6799.JPG,Tomato_Leaf_Mold,Tomato,leaf mold,24.41535498,94.93273346,16.49941745
/kaggle/input/plantdisease/PlantVillage/Tomato_Leaf_Mold/dfdad328-4a07-43ce-afc4-4d1dd069f52b___Crnl_L.Mold 8791.JPG,Tomato_Leaf_Mold,Tomato,leaf mold,24.37622749,87.70246987,11.51415224
/kaggle/input/plantdisease/PlantVillage/Tomato_Leaf_Mold/be1b7152-f0f2-431c-9635-29c4ca31fb5b___Crnl_L.Mold 7111.JPG,Tomato_Leaf_Mold,Tomato,leaf mold,27.44592285,85.45392471,27.61355776
/kaggle/input/plantdisease/PlantVillage/Tomato_Leaf_Mold/bf97c963-b3cd-480a-be10-b8b2c539973f___Crnl_L.Mold 6982.JPG,Tomato_Leaf_Mold,Tomato,leaf mold,27.63220792,88.27294992,28.88039889
/kaggle/input/plantdisease/PlantVillage/Tomato_Leaf_Mold/7d097c24-0e8a-44c2-8ef5-722c26ad718f___Crnl_L.Mold 8964.JPG,Tomato_Leaf_Mold,Tomato,leaf mold,18.27651051,88.90251757,13.46530346
/kaggle/input/plantdisease/PlantVillage/Tomato_Leaf_Mold/0bb34c9b-ecf7-4fb1-8ee1-098bccdcdaae___Crnl_L.Mold 6522.JPG,Tomato_Leaf_Mold,Tomato,leaf mold,18.98534613,95.33745104,24.52628241
/kaggle/input/plantdisease/PlantVillage/Tomato_Leaf_Mold/636917d9-3ca7-43d0-9295-6b9fcf1103b0___Crnl_L.Mold 8919.JPG,Tomato_Leaf_Mold,Tomato,leaf mold,18.40735948,99.21940082,17.9065478
/kaggle/input/plantdisease/PlantVillage/Tomato_Leaf_Mold/780aabe7-0d54-4849-80b8-773552ca4b45___Crnl_L.Mold 8824.JPG,Tomato_Leaf_Mold,Tomato,leaf mold,18.77540072,94.02226215,11.83157021
/kaggle/input/plantdisease/PlantVillage/Tomato_Leaf_Mold/f78e3205-2a7f-43cf-988c-63aaf2179a5d___Crnl_L.Mold 6878.JPG,Tomato_Leaf_Mold,Tomato,leaf mold,22.74031603,93.84377823,21.60221241
/kaggle/input/plantdisease/PlantVillage/Tomato_Leaf_Mold/41a6e837-7822-447c-b887-3be149d58322___Crnl_L.Mold 7100.JPG,Tomato_Leaf_Mold,Tomato,leaf mold,19.57338386,86.13632203,19.88976193
/kaggle/input/plantdisease/PlantVillage/Tomato_Leaf_Mold/61cade04-60b3-44bf-88f3-88583c90f49e___Crnl_L.Mold 9148.JPG,Tomato_Leaf_Mold,Tomato,leaf mold,26.31471213,98.84785891,21.58627087
/kaggle/input/plantdisease/PlantVillage/Tomato_Leaf_Mold/d8b47693-9b2e-4ee2-b822-d61668bd7ea1___Crnl_L.Mold 9016.JPG,Tomato_Leaf_Mold,Tomato,leaf mold,21.13445057,95.78597973,16.31513648
/kaggle/input/plantdisease/PlantVillage/Tomato_Leaf_Mold/4c7e93da-6c5a-4423-89f3-db15242fd53a___Crnl_L.Mold 8703.JPG,Tomato_Leaf_Mold,Tomato,leaf mold,18.0723075,92.72533604,12.21839135
/kaggle/input/plantdisease/PlantVillage/Tomato_Leaf_Mold/1c03ffcb-9476-453c-96be-5bd1f629b2d1___Crnl_L.Mold 8853.JPG,Tomato_Leaf_Mold,Tomato,leaf mold,20.42405909,87.31261432,14.59273975
/kaggle/input/plantdisease/PlantVillage/Tomato_Leaf_Mold/32902cc7-5db6-4148-8b4e-0d04199edd98___Crnl_L.Mold 6766.JPG,Tomato_Leaf_Mold,Tomato,leaf mold,27.98358587,87.4113232,14.69789296
/kaggle/input/plantdisease/PlantVillage/Tomato_Leaf_Mold/e4b615ab-7fb8-48cb-a497-49b956ca2437___Crnl_L.Mold 8778.JPG,Tomato_Leaf_Mold,Tomato,leaf mold,19.57906785,93.58811761,16.18189483
/kaggle/input/plantdisease/PlantVillage/Tomato_Leaf_Mold/98a11218-40d3-4c27-afda-abf73e371f01___Crnl_L.Mold 9055.JPG,Tomato_Leaf_Mold,Tomato,leaf mold,24.16709948,89.32004954,21.76809507
/kaggle/input/plantdisease/PlantVillage/Tomato_Leaf_Mold/705249ab-9023-4025-8f6c-9ed74b1b69d9___Crnl_L.Mold 7014.JPG,Tomato_Leaf_Mold,Tomato,leaf mold,25.90199913,93.83322751,21.43298015
/kaggle/input/plantdisease/PlantVillage/Tomato_Leaf_Mold/b31c5c8a-aac0-4cad-af32-2b10e2fa64f6___Crnl_L.Mold 7053.JPG,Tomato_Leaf_Mold,Tomato,leaf mold,24.25030582,99.2461267,19.93461509
/kaggle/input/plantdisease/PlantVillage/Tomato_Leaf_Mold/f53d879a-6033-4317-8524-e108b10e7656___Crnl_L.Mold 7140.JPG,Tomato_Leaf_Mold,Tomato,leaf mold,19.83082842,90.23289422,18.07275793
/kaggle/input/plantdisease/PlantVillage/Tomato_Leaf_Mold/9dc10e0a-36ee-4882-84c4-f7c7668550bd___Crnl_L.Mold 7177.JPG,Tomato_Leaf_Mold,Tomato,leaf mold,26.23920934,91.15962121,19.63237171
/kaggle/input/plantdisease/PlantVillage/Tomato_Leaf_Mold/dc533794-bc05-4564-b110-dea895234a02___Crnl_L.Mold 9068.JPG,Tomato_Leaf_Mold,Tomato,leaf mold,26.7632028,85.04012548,19.74403767
/kaggle/input/plantdisease/PlantVillage/Tomato_Leaf_Mold/a5639de3-303c-4066-b3a0-a72aa73ef818___Crnl_L.Mold 6740.JPG,Tomato_Leaf_Mold,Tomato,leaf mold,27.95025077,91.37663729,21.1955044
/kaggle/input/plantdisease/PlantVillage/Tomato_Leaf_Mold/4cec5b1e-14d2-4b8f-ab8a-57b68758f30c___Crnl_L.Mold 8715.JPG,Tomato_Leaf_Mold,Tomato,leaf mold,18.71693793,90.96680028,12.57388717
/kaggle/input/plantdisease/PlantVillage/Tomato_Leaf_Mold/c1672351-bc9d-46b1-b9bc-332f9a9505bb___Crnl_L.Mold 8819.JPG,Tomato_Leaf_Mold,Tomato,leaf mold,21.7773645,89.75587605,10.13189207
/kaggle/input/plantdisease/PlantVillage/Tomato_Leaf_Mold/6ae9566d-3180-429e-a8a1-08c201048d0f___Crnl_L.Mold 6605.JPG,Tomato_Leaf_Mold,Tomato,leaf mold,23.90697373,90.22700656,16.04515413
/kaggle/input/plantdisease/PlantVillage/Tomato_Leaf_Mold/8f917e44-0e93-4d5a-9274-6be0fc201f31___Crnl_L.Mold 6770.JPG,Tomato_Leaf_Mold,Tomato,leaf mold,24.72708644,89.0384263,20.6997568
/kaggle/input/plantdisease/PlantVillage/Tomato_Leaf_Mold/c28fe517-5ca7-4021-98a5-9fe8908c815b___Crnl_L.Mold 7116.JPG,Tomato_Leaf_Mold,Tomato,leaf mold,27.66022375,88.97981103,27.87445479
/kaggle/input/plantdisease/PlantVillage/Tomato_Leaf_Mold/12319ec3-c990-4c68-8683-244f1f220c09___Crnl_L.Mold 9146.JPG,Tomato_Leaf_Mold,Tomato,leaf mold,22.90276256,85.0502322,16.52735562
/kaggle/input/plantdisease/PlantVillage/Tomato_Leaf_Mold/676a35ff-f0b2-43c8-bb58-ab531c46516a___Crnl_L.Mold 9005.JPG,Tomato_Leaf_Mold,Tomato,leaf mold,23.66015046,90.27555933,13.10064265
/kaggle/input/plantdisease/PlantVillage/Tomato_Leaf_Mold/aeec2942-315c-4297-90a2-4dc24f491a5c___Crnl_L.Mold 6925.JPG,Tomato_Leaf_Mold,Tomato,leaf mold,25.13480213,88.14925442,25.10491701
/kaggle/input/plantdisease/PlantVillage/Tomato_Leaf_Mold/f6ac8e4d-e718-48c4-acb4-614733512c96___Crnl_L.Mold 7052.JPG,Tomato_Leaf_Mold,Tomato,leaf mold,20.37503046,99.469012,17.68968102
/kaggle/input/plantdisease/PlantVillage/Tomato_Leaf_Mold/7e0d709c-7399-4cad-84d4-892854831ee7___Crnl_L.Mold 6694.JPG,Tomato_Leaf_Mold,Tomato,leaf mold,23.43502272,99.1417869,17.64201597
/kaggle/input/plantdisease/PlantVillage/Tomato_Leaf_Mold/6beda1f2-d01e-4693-b3c0-e544cf00954b___Crnl_L.Mold 6917.JPG,Tomato_Leaf_Mold,Tomato,leaf mold,19.13557889,85.84261914,26.78607984
/kaggle/input/plantdisease/PlantVillage/Tomato_Leaf_Mold/e7ebe82b-5573-47ff-acb8-f208462d0335___Crnl_L.Mold 7123.JPG,Tomato_Leaf_Mold,Tomato,leaf mold,19.86423126,95.0890032,23.44306436
/kaggle/input/plantdisease/PlantVillage/Tomato_Leaf_Mold/a37dad1e-446e-42f9-a923-b6a654e4132a___Crnl_L.Mold 7155.JPG,Tomato_Leaf_Mold,Tomato,leaf mold,20.86883758,91.58723377,20.56562943
/kaggle/input/plantdisease/PlantVillage/Tomato_Leaf_Mold/1b35b99c-c7c0-4f2c-975e-148e4b6e18b3___Crnl_L.Mold 8820.JPG,Tomato_Leaf_Mold,Tomato,leaf mold,19.69080753,89.59512842,14.28191287
/kaggle/input/plantdisease/PlantVillage/Tomato_Leaf_Mold/fd2cc427-8f4c-4551-96db-bd5d53974039___Crnl_L.Mold 6684.JPG,Tomato_Leaf_Mold,Tomato,leaf mold,23.12038595,89.3125137,17.71438953
/kaggle/input/plantdisease/PlantVillage/Tomato_Leaf_Mold/9ac5f3a1-d1d0-4b18-9565-e08af681149b___Crnl_L.Mold 6703.JPG,Tomato_Leaf_Mold,Tomato,leaf mold,22.52416838,86.12606095,21.02233928
/kaggle/input/plantdisease/PlantVillage/Tomato_Leaf_Mold/0fd01669-64ab-4042-9715-bf1bcb2ccfbf___Crnl_L.Mold 6996.JPG,Tomato_Leaf_Mold,Tomato,leaf mold,22.78254191,90.1233054,16.34743179
/kaggle/input/plantdisease/PlantVillage/Tomato_Leaf_Mold/206234e4-72f0-4543-8945-a697ceffe3c9___Crnl_L.Mold 6795.JPG,Tomato_Leaf_Mold,Tomato,leaf mold,21.94643488,87.62623528,21.68369928
/kaggle/input/plantdisease/PlantVillage/Tomato_Leaf_Mold/f166d436-6e53-469e-b5ce-ff0e5ed73086___Crnl_L.Mold 6524.JPG,Tomato_Leaf_Mold,Tomato,leaf mold,26.07598074,94.16016068,19.27640374
/kaggle/input/plantdisease/PlantVillage/Tomato_Leaf_Mold/697ae68d-7932-4320-a28e-c8228cd23f50___Crnl_L.Mold 8629.JPG,Tomato_Leaf_Mold,Tomato,leaf mold,27.48845474,91.51527764,12.0551825
/kaggle/input/plantdisease/PlantVillage/Tomato_Leaf_Mold/b7cd18dd-56e0-4750-b137-8beb5c5852c6___Crnl_L.Mold 6806.JPG,Tomato_Leaf_Mold,Tomato,leaf mold,25.30851872,92.30802688,14.83474641
/kaggle/input/plantdisease/PlantVillage/Tomato_Leaf_Mold/a7aba5e4-a78a-459a-9caa-77f0f98ef2d5___Crnl_L.Mold 9012.JPG,Tomato_Leaf_Mold,Tomato,leaf mold,19.57765588,95.33086328,20.19347037
/kaggle/input/plantdisease/PlantVillage/Tomato_Leaf_Mold/aaa75054-5e35-419b-98f0-ee75a065aa09___Crnl_L.Mold 6534.JPG,Tomato_Leaf_Mold,Tomato,leaf mold,27.84065891,89.21440466,19.18206487
/kaggle/input/plantdisease/PlantVillage/Tomato_Leaf_Mold/0ced0bae-d224-43f5-8fd7-072c7cbd8f77___Crnl_L.Mold 9161.JPG,Tomato_Leaf_Mold,Tomato,leaf mold,19.90324438,99.71170501,16.84350623
/kaggle/input/plantdisease/PlantVillage/Tomato_Leaf_Mold/774d3b86-63a3-46a7-9355-9aa512d70e19___Crnl_L.Mold 8914.JPG,Tomato_Leaf_Mold,Tomato,leaf mold,22.05165989,92.62271189,27.73311552
/kaggle/input/plantdisease/PlantVillage/Tomato_Leaf_Mold/2b8e612f-7448-44f7-899c-95b3c8291824___Crnl_L.Mold 6671.JPG,Tomato_Leaf_Mold,Tomato,leaf mold,18.62291546,97.64677935,23.2513621
/kaggle/input/plantdisease/PlantVillage/Tomato_Leaf_Mold/70e4ee54-f85e-461b-a35b-e35deb567620___Crnl_L.Mold 6516.JPG,Tomato_Leaf_Mold,Tomato,leaf mold,24.3599849,97.27604025,30.04830918
/kaggle/input/plantdisease/PlantVillage/Tomato_Leaf_Mold/921e0584-a414-4905-99e6-6d37a49427bc___Crnl_L.Mold 8941.JPG,Tomato_Leaf_Mold,Tomato,leaf mold,24.23321607,97.15975281,17.1014397
/kaggle/input/plantdisease/PlantVillage/Tomato_Leaf_Mold/c7a3f599-36dc-40e2-8efc-d0e0568666a7___Crnl_L.Mold 6983.JPG,Tomato_Leaf_Mold,Tomato,leaf mold,27.17916445,85.03465984,20.9691777
/kaggle/input/plantdisease/PlantVillage/Tomato_Leaf_Mold/35f38d23-ae26-4feb-a076-6fd6571db043___Crnl_L.Mold 6814.JPG,Tomato_Leaf_Mold,Tomato,leaf mold,26.14361011,85.08799926,13.86189072
/kaggle/input/plantdisease/PlantVillage/Tomato_Leaf_Mold/cb956960-ad6c-4a87-bee1-dacfc8acb7d8___Crnl_L.Mold 8945.JPG,Tomato_Leaf_Mold,Tomato,leaf mold,27.45257625,97.49848237,17.18131433
/kaggle/input/plantdisease/PlantVillage/Tomato_Leaf_Mold/b7b05e98-5432-43a1-94e7-e1d6146faf18___Crnl_L.Mold 6912.JPG,Tomato_Leaf_Mold,Tomato,leaf mold,21.34918057,91.72082493,17.32319266
/kaggle/input/plantdisease/PlantVillage/Tomato_Leaf_Mold/8d545c01-91da-4672-ad00-5db9da864d33___Crnl_L.Mold 8928.JPG,Tomato_Leaf_Mold,Tomato,leaf mold,25.42250838,96.03828008,16.10001938
/kaggle/input/plantdisease/PlantVillage/Tomato_Leaf_Mold/f4844fb4-c16b-454b-b5b2-64911885ec71___Crnl_L.Mold 8657.JPG,Tomato_Leaf_Mold,Tomato,leaf mold,27.09596188,89.73519172,14.25462044
/kaggle/input/plantdisease/PlantVillage/Tomato_Leaf_Mold/f7826d86-2eb1-408f-b2c1-a43afe0268b3___Crnl_L.Mold 9056.JPG,Tomato_Leaf_Mold,Tomato,leaf mold,26.71118424,96.36693777,17.27393177
/kaggle/input/plantdisease/PlantVillage/Tomato_Leaf_Mold/d159f020-15f7-45c5-9808-a8ef0e5914f5___Crnl_L.Mold 9105.JPG,Tomato_Leaf_Mold,Tomato,leaf mold,18.04398437,87.6959324,16.59279414
/kaggle/input/plantdisease/PlantVillage/Tomato_Leaf_Mold/89df26fb-3707-4503-814c-b712cc06f713___Crnl_L.Mold 6570.JPG,Tomato_Leaf_Mold,Tomato,leaf mold,22.6385773,93.01561905,13.44810033
/kaggle/input/plantdisease/PlantVillage/Tomato_Leaf_Mold/738b2359-39ac-465b-8d8e-43dc842a280e___Crnl_L.Mold 6535.JPG,Tomato_Leaf_Mold,Tomato,leaf mold,22.11778939,93.1318419,21.15031003
/kaggle/input/plantdisease/PlantVillage/Tomato_Leaf_Mold/1b561161-1e63-4de0-889a-9c7b13487e18___Crnl_L.Mold 6596.JPG,Tomato_Leaf_Mold,Tomato,leaf mold,21.45508973,89.12383941,20.27845584
/kaggle/input/plantdisease/PlantVillage/Tomato_Leaf_Mold/8a42ec48-5c5e-4468-8d61-2f24b42a9c5a___Crnl_L.Mold 6496.JPG,Tomato_Leaf_Mold,Tomato,leaf mold,22.61753955,97.58596369,15.48181456
/kaggle/input/plantdisease/PlantVillage/Tomato_Leaf_Mold/88deb0c4-49bf-47aa-a91c-bf099f830940___Crnl_L.Mold 9169.JPG,Tomato_Leaf_Mold,Tomato,leaf mold,23.46873972,94.08436636,22.07501311
/kaggle/input/plantdisease/PlantVillage/Tomato_Leaf_Mold/a7efbe92-8d37-41c0-9af9-792e575f5894___Crnl_L.Mold 6900.JPG,Tomato_Leaf_Mold,Tomato,leaf mold,26.91993986,99.29560783,16.01704545
/kaggle/input/plantdisease/PlantVillage/Tomato_Leaf_Mold/c772bd85-b115-49bf-a259-6908e9c8983b___Crnl_L.Mold 8859.JPG,Tomato_Leaf_Mold,Tomato,leaf mold,22.44538537,97.27553691,6.08223497
/kaggle/input/plantdisease/PlantVillage/Tomato_Leaf_Mold/1f64f046-46e6-47b3-91ef-31c2433face3___Crnl_L.Mold 9089.JPG,Tomato_Leaf_Mold,Tomato,leaf mold,23.59479526,98.74660112,18.2586961
/kaggle/input/plantdisease/PlantVillage/Tomato_Leaf_Mold/6c859190-5922-4207-9bfe-ecb4fce2e273___Crnl_L.Mold 7010.JPG,Tomato_Leaf_Mold,Tomato,leaf mold,22.65384065,88.02895912,22.17999815
/kaggle/input/plantdisease/PlantVillage/Tomato_Leaf_Mold/f6c11a02-6f44-4e15-aab8-50cb8d79bc62___Crnl_L.Mold 9166.JPG,Tomato_Leaf_Mold,Tomato,leaf mold,23.85169983,88.44160753,15.44715447
/kaggle/input/plantdisease/PlantVillage/Tomato_Leaf_Mold/cb1f6b09-d542-4b9d-8b06-9e0f2a8965c8___Crnl_L.Mold 7079.JPG,Tomato_Leaf_Mold,Tomato,leaf mold,18.18430723,96.73758975,17.35666128
/kaggle/input/plantdisease/PlantVillage/Tomato_Leaf_Mold/4699bc00-7eed-4e6a-b701-15218a40bcb1___Crnl_L.Mold 8760.JPG,Tomato_Leaf_Mold,Tomato,leaf mold,20.6413458,95.32753622,20.27835088
/kaggle/input/plantdisease/PlantVillage/Tomato_Leaf_Mold/8c42c67d-817e-420b-8b70-92b4a32c46bc___Crnl_L.Mold 6501.JPG,Tomato_Leaf_Mold,Tomato,leaf mold,23.22479653,89.72206568,15.48572925
/kaggle/input/plantdisease/PlantVillage/Tomato_Leaf_Mold/f91b6466-7c71-44ef-86f4-eaf2cdabf8bf___Crnl_L.Mold 7055.JPG,Tomato_Leaf_Mold,Tomato,leaf mold,25.81131366,91.01689198,13.43981746
/kaggle/input/plantdisease/PlantVillage/Tomato_Leaf_Mold/36bed8e9-0b39-48f9-a8f7-d776469ce245___Crnl_L.Mold 8912.JPG,Tomato_Leaf_Mold,Tomato,leaf mold,26.64705319,97.74595522,20.09579007
/kaggle/input/plantdisease/PlantVillage/Tomato_Leaf_Mold/d677f9dd-7f27-44de-a0ad-b8e582ee63a8___Crnl_L.Mold 6946.JPG,Tomato_Leaf_Mold,Tomato,leaf mold,27.88957679,89.63848123,21.46922922
/kaggle/input/plantdisease/PlantVillage/Tomato_Leaf_Mold/9d8d2581-16a2-4151-9434-8ab9df3f632b___Crnl_L.Mold 8737.JPG,Tomato_Leaf_Mold,Tomato,leaf mold,27.4456473,98.96175376,15.02563196
/kaggle/input/plantdisease/PlantVillage/Tomato_Leaf_Mold/d33d8470-d090-474b-8c16-cd5e88d40f51___Crnl_L.Mold 6998.JPG,Tomato_Leaf_Mold,Tomato,leaf mold,18.40127724,90.72481891,24.57809624
/kaggle/input/plantdisease/PlantVillage/Tomato_Leaf_Mold/526f929e-e9c1-4ca5-a493-c0bcf4898b04___Crnl_L.Mold 9129.JPG,Tomato_Leaf_Mold,Tomato,leaf mold,19.27844402,85.54006149,21.70408466
/kaggle/input/plantdisease/PlantVillage/Tomato_Leaf_Mold/33b4ab66-9077-47b9-8525-11e4257bda01___Crnl_L.Mold 9128.JPG,Tomato_Leaf_Mold,Tomato,leaf mold,23.94466901,99.3617943,20.67455886
/kaggle/input/plantdisease/PlantVillage/Tomato_Leaf_Mold/b5bff13f-7b25-4725-af06-11769005cda1___Crnl_L.Mold 8930.JPG,Tomato_Leaf_Mold,Tomato,leaf mold,25.16570299,85.54737135,17.99537697
/kaggle/input/plantdisease/PlantVillage/Tomato_Leaf_Mold/fef7ee3c-0242-4054-ab99-c010ceda9836___Crnl_L.Mold 9025.JPG,Tomato_Leaf_Mold,Tomato,leaf mold,23.07634422,88.47046361,13.89070744
/kaggle/input/plantdisease/PlantVillage/Tomato_Leaf_Mold/aaac4e3a-fe49-435a-a933-e7099b3456a5___Crnl_L.Mold 9093.JPG,Tomato_Leaf_Mold,Tomato,leaf mold,23.77864537,91.56221021,9.576231431
/kaggle/input/plantdisease/PlantVillage/Tomato_Leaf_Mold/c6e1c2ad-78ae-4241-b86c-39d056318737___Crnl_L.Mold 6736.JPG,Tomato_Leaf_Mold,Tomato,leaf mold,21.73338431,93.73620907,16.44137225
/kaggle/input/plantdisease/PlantVillage/Tomato_Leaf_Mold/2f49ea7d-edf2-48bd-9598-449d8c83d0a0___Crnl_L.Mold 9154.JPG,Tomato_Leaf_Mold,Tomato,leaf mold,24.96557545,98.62138472,19.05601253
/kaggle/input/plantdisease/PlantVillage/Tomato_Leaf_Mold/d8cbf2c3-f99f-4af9-a8a2-9d88e2ed0524___Crnl_L.Mold 7022.JPG,Tomato_Leaf_Mold,Tomato,leaf mold,26.78473402,94.78409699,16.87801393
/kaggle/input/plantdisease/PlantVillage/Tomato_Leaf_Mold/1f5c3b37-5590-4db7-a702-0cd93db0c929___Crnl_L.Mold 6930.JPG,Tomato_Leaf_Mold,Tomato,leaf mold,24.67071359,91.21448228,23.56481716
/kaggle/input/plantdisease/PlantVillage/Tomato_Leaf_Mold/755296b4-fa21-4ec5-b912-bd85b2897a01___Crnl_L.Mold 8630.JPG,Tomato_Leaf_Mold,Tomato,leaf mold,25.95274787,99.96320207,12.27425773
/kaggle/input/plantdisease/PlantVillage/Tomato_Leaf_Mold/77219bfa-b44d-449d-a7bc-3f27d26ffd6a___Crnl_L.Mold 6545.JPG,Tomato_Leaf_Mold,Tomato,leaf mold,27.69622813,91.25686815,19.89110287
/kaggle/input/plantdisease/PlantVillage/Tomato_Leaf_Mold/110d3ff1-96ea-43f2-96cb-ac57d0b7dd6b___Crnl_L.Mold 6738.JPG,Tomato_Leaf_Mold,Tomato,leaf mold,26.30341425,88.45541799,16.04615523
/kaggle/input/plantdisease/PlantVillage/Tomato_Septoria_leaf_spot/f41bad8b-ee8f-4f11-91fb-cfd485121c67___JR_Sept.L.S 8476.JPG,Tomato_Septoria_leaf_spot,Tomato,septoria leaf spot,25.3161279,89.01159313,9.49536873
/kaggle/input/plantdisease/PlantVillage/Tomato_Septoria_leaf_spot/b3d8a315-c414-40b7-81d5-c86c39104884___Matt.S_CG 7668.JPG,Tomato_Septoria_leaf_spot,Tomato,septoria leaf spot,25.45290056,97.44733318,10.34578317
/kaggle/input/plantdisease/PlantVillage/Tomato_Septoria_leaf_spot/d265781b-1492-47a0-a699-8373c16f16d5___Matt.S_CG 0830.JPG,Tomato_Septoria_leaf_spot,Tomato,septoria leaf spot,21.97872067,84.15503951,7.648975534
/kaggle/input/plantdisease/PlantVillage/Tomato_Septoria_leaf_spot/22b43447-5aed-4a33-ba5c-d422d6f6bbce___JR_Sept.L.S 8421.JPG,Tomato_Septoria_leaf_spot,Tomato,septoria leaf spot,19.65796884,86.68184131,12.76873816
/kaggle/input/plantdisease/PlantVillage/Tomato_Septoria_leaf_spot/654d6822-7309-4154-8662-2b3a2d38d49c___Matt.S_CG 7700.JPG,Tomato_Septoria_leaf_spot,Tomato,septoria leaf spot,23.92242506,96.73000919,7.024557396
/kaggle/input/plantdisease/PlantVillage/Tomato_Septoria_leaf_spot/8d5130bd-a47d-449e-a18a-6074d768011a___Matt.S_CG 6785.JPG,Tomato_Septoria_leaf_spot,Tomato,septoria leaf spot,24.61794822,86.30898326,7.95760043
/kaggle/input/plantdisease/PlantVillage/Tomato_Septoria_leaf_spot/388bbf02-8689-4a87-8fac-ec29b6e9268e___Matt.S_CG 6504.JPG,Tomato_Septoria_leaf_spot,Tomato,septoria leaf spot,18.40841101,94.34983487,6.989034694
/kaggle/input/plantdisease/PlantVillage/Tomato_Septoria_leaf_spot/640cbf80-38f9-44e4-a14d-07dcf7effcf2___JR_Sept.L.S 8364.JPG,Tomato_Septoria_leaf_spot,Tomato,septoria leaf spot,16.29201395,91.68104615,18.35412166
/kaggle/input/plantdisease/PlantVillage/Tomato_Septoria_leaf_spot/a1769cf0-7a8b-480e-865e-608b5e14534f___Keller.St_CG 1893.JPG,Tomato_Septoria_leaf_spot,Tomato,septoria leaf spot,18.4026758,99.43653362,5.213468126
/kaggle/input/plantdisease/PlantVillage/Tomato_Septoria_leaf_spot/6e40537e-a6c8-404c-b493-f8f2e0895efc___JR_Sept.L.S 8410.JPG,Tomato_Septoria_leaf_spot,Tomato,septoria leaf spot,24.66161338,82.0910669,14.75470648
/kaggle/input/plantdisease/PlantVillage/Tomato_Septoria_leaf_spot/ec167921-a25d-413f-b73c-5c72cc270433___Matt.S_CG 2682.JPG,Tomato_Septoria_leaf_spot,Tomato,septoria leaf spot,19.23458954,80.23059317,5.591131309
/kaggle/input/plantdisease/PlantVillage/Tomato_Septoria_leaf_spot/e1376128-8bc6-4577-aa18-cdad9ca79d0b___Matt.S_CG 2657.JPG,Tomato_Septoria_leaf_spot,Tomato,septoria leaf spot,22.12023079,83.87753116,5.88457445
/kaggle/input/plantdisease/PlantVillage/Tomato_Septoria_leaf_spot/03611d8a-1664-4d1a-8d9b-7dc3e1a302cc___Keller.St_CG 1945.JPG,Tomato_Septoria_leaf_spot,Tomato,septoria leaf spot,24.05702703,84.03696792,8.020434227
/kaggle/input/plantdisease/PlantVillage/Tomato_Septoria_leaf_spot/2f8bcf08-19de-4aa3-a60d-fa6593a53359___JR_Sept.L.S 2679.JPG,Tomato_Septoria_leaf_spot,Tomato,septoria leaf spot,17.50059595,83.76725614,14.82079157
/kaggle/input/plantdisease/PlantVillage/Tomato_Septoria_leaf_spot/c9ae9fb3-4504-4a1c-8abd-e4e3ca22f707___Matt.S_CG 2720.JPG,Tomato_Septoria_leaf_spot,Tomato,septoria leaf spot,17.10822127,96.17049593,7.863643375
/kaggle/input/plantdisease/PlantVillage/Tomato_Septoria_leaf_spot/8d8730db-4a12-4324-8218-47a86ea6b44e___Matt.S_CG 7708.JPG,Tomato_Septoria_leaf_spot,Tomato,septoria leaf spot,20.27585466,90.95967397,12.12331773
/kaggle/input/plantdisease/PlantVillage/Tomato_Septoria_leaf_spot/bb541e5c-bb48-4f8b-8557-98d8a60a41d6___JR_Sept.L.S 2550.JPG,Tomato_Septoria_leaf_spot,Tomato,septoria leaf spot,20.74056917,97.07048541,12.72203133
/kaggle/input/plantdisease/PlantVillage/Tomato_Septoria_leaf_spot/c4ffa72c-748c-4697-9034-75abe541f5c7___JR_Sept.L.S 2472.JPG,Tomato_Septoria_leaf_spot,Tomato,septoria leaf spot,16.59215506,82.87662135,22.38360154
/kaggle/input/plantdisease/PlantVillage/Tomato_Septoria_leaf_spot/13d82f96-ac84-4176-abf9-f1fbaac4aabd___Matt.S_CG 0989.JPG,Tomato_Septoria_leaf_spot,Tomato,septoria leaf spot,19.25202667,85.62054223,12.91258954
/kaggle/input/plantdisease/PlantVillage/Tomato_Septoria_leaf_spot/175164c2-7b16-48bd-a67e-c3f95cb8cbf7___Matt.S_CG 1701.JPG,Tomato_Septoria_leaf_spot,Tomato,septoria leaf spot,18.91114699,87.07509711,6.582656984
/kaggle/input/plantdisease/PlantVillage/Tomato_Septoria_leaf_spot/3823a859-7570-4196-abf7-64f102d55f8d___Matt.S_CG 7740.JPG,Tomato_Septoria_leaf_spot,Tomato,septoria leaf spot,25.99587433,94.63711475,10.45370286
/kaggle/input/plantdisease/PlantVillage/Tomato_Septoria_leaf_spot/e65190f0-97e9-44a6-bcb8-9fe7d42e9200___Matt.S_CG 7413.JPG,Tomato_Septoria_leaf_spot,Tomato,septoria leaf spot,21.28469236,99.09283566,12.86884108
/kaggle/input/plantdisease/PlantVillage/Tomato_Septoria_leaf_spot/e6f8cbb2-8f12-4092-9a4f-ada51dffc54e___Matt.S_CG 6056.JPG,Tomato_Septoria_leaf_spot,Tomato,septoria leaf spot,26.67657866,81.58720912,10.10770505
/kaggle/input/plantdisease/PlantVillage/Tomato_Septoria_leaf_spot/7c996d55-df58-488b-afa6-085c8c5458fc___Matt.S_CG 2717.JPG,Tomato_Septoria_leaf_spot,Tomato,septoria leaf spot,21.67457998,80.4766352,8.277260874
/kaggle/input/plantdisease/PlantVillage/Tomato_Septoria_leaf_spot/b6f86f03-8704-403a-909b-eeb75c8c22da___Matt.S_CG 6428.JPG,Tomato_Septoria_leaf_spot,Tomato,septoria leaf spot,23.85034153,84.14652504,5.579485412
/kaggle/input/plantdisease/PlantVillage/Tomato_Septoria_leaf_spot/881cef87-36ea-49e5-bc1a-fa2b7a959221___Matt.S_CG 6543.JPG,Tomato_Septoria_leaf_spot,Tomato,septoria leaf spot,23.83778911,99.08735631,10.01341082
/kaggle/input/plantdisease/PlantVillage/Tomato_Septoria_leaf_spot/71392ad4-37de-4edf-8ac9-a4e01f1a6eaa___Matt.S_CG 6812.JPG,Tomato_Septoria_leaf_spot,Tomato,septoria leaf spot,25.14046245,94.728567,9.049469437
/kaggle/input/plantdisease/PlantVillage/Tomato_Septoria_leaf_spot/ee279b2b-6a3c-4517-b056-8b586785cb05___JR_Sept.L.S 2668.JPG,Tomato_Septoria_leaf_spot,Tomato,septoria leaf spot,22.39350015,90.56091367,9.165302782
/kaggle/input/plantdisease/PlantVillage/Tomato_Septoria_leaf_spot/e13e5c45-eab7-4a23-a2bc-3f89fbc7cda6___Matt.S_CG 6879.JPG,Tomato_Septoria_leaf_spot,Tomato,septoria leaf spot,16.53977084,82.08727888,9.875959405
/kaggle/input/plantdisease/PlantVillage/Tomato_Septoria_leaf_spot/bf59d55b-5231-42ee-9880-adae9625c00d___Keller.St_CG 1976.JPG,Tomato_Septoria_leaf_spot,Tomato,septoria leaf spot,25.45782874,85.85053314,7.991308547
/kaggle/input/plantdisease/PlantVillage/Tomato_Septoria_leaf_spot/3a89c017-4b4b-4f64-a018-05c98a2fa611___Matt.S_CG 1219.JPG,Tomato_Septoria_leaf_spot,Tomato,septoria leaf spot,23.41089801,89.90760394,14.06666667
/kaggle/input/plantdisease/PlantVillage/Tomato_Septoria_leaf_spot/c311dca2-18ca-4304-b356-a2764d8322d2___Matt.S_CG 7801.JPG,Tomato_Septoria_leaf_spot,Tomato,septoria leaf spot,24.14958807,96.05328321,8.571307874
/kaggle/input/plantdisease/PlantVillage/Tomato_Septoria_leaf_spot/717d2ca2-2e4f-45f0-9585-847074e94d3a___Keller.St_CG 1871.JPG,Tomato_Septoria_leaf_spot,Tomato,septoria leaf spot,24.48398351,91.01776752,8.862829114
/kaggle/input/plantdisease/PlantVillage/Tomato_Septoria_leaf_spot/92cf3568-abcc-43b4-acb4-9d00171d2478___Keller.St_CG 1984.JPG,Tomato_Septoria_leaf_spot,Tomato,septoria leaf spot,22.97556691,86.24194293,9.413388544
/kaggle/input/plantdisease/PlantVillage/Tomato_Septoria_leaf_spot/f0652fda-d9c2-445d-a1e8-12d716667df0___Keller.St_CG 1870.JPG,Tomato_Septoria_leaf_spot,Tomato,septoria leaf spot,16.01841179,92.14760521,4.936272678
/kaggle/input/plantdisease/PlantVillage/Tomato_Septoria_leaf_spot/e38e01c9-c22c-41d9-9391-7f0227cfc666___Matt.S_CG 1373.JPG,Tomato_Septoria_leaf_spot,Tomato,septoria leaf spot,24.4132709,89.55100031,18.21077283
/kaggle/input/plantdisease/PlantVillage/Tomato_Septoria_leaf_spot/3d91b473-6309-4310-9acd-e66dacaf789f___Keller.St_CG 1991.JPG,Tomato_Septoria_leaf_spot,Tomato,septoria leaf spot,16.12354573,90.73819221,7.040154305
/kaggle/input/plantdisease/PlantVillage/Tomato_Septoria_leaf_spot/d5a1e4e1-f646-408e-b0af-e64262e492d8___Matt.S_CG 0884.JPG,Tomato_Septoria_leaf_spot,Tomato,septoria leaf spot,25.29382635,85.09016116,16.39238879
/kaggle/input/plantdisease/PlantVillage/Tomato_Septoria_leaf_spot/d1dfc5c2-9605-419b-826f-58691f793758___JR_Sept.L.S 2674.JPG,Tomato_Septoria_leaf_spot,Tomato,septoria leaf spot,21.29102927,91.44146049,26.6380812
/kaggle/input/plantdisease/PlantVillage/Tomato_Septoria_leaf_spot/2eabb4bc-329d-4d5d-a4ee-a7a28d15faae___Matt.S_CG 1493.JPG,Tomato_Septoria_leaf_spot,Tomato,septoria leaf spot,26.29216299,82.33223339,4.99032882
/kaggle/input/plantdisease/PlantVillage/Tomato_Septoria_leaf_spot/7a21a34c-b9a4-4a3a-8413-da52065d6415___Matt.S_CG 6773.JPG,Tomato_Septoria_leaf_spot,Tomato,septoria leaf spot,21.77891743,88.29089159,7.879950054
/kaggle/input/plantdisease/PlantVillage/Tomato_Septoria_leaf_spot/75256fc4-c3de-44a1-986d-176daec56c4d___Keller.St_CG 1940.JPG,Tomato_Septoria_leaf_spot,Tomato,septoria leaf spot,18.79814788,86.4914375,4.176201373
/kaggle/input/plantdisease/PlantVillage/Tomato_Septoria_leaf_spot/c072e52b-f0fb-4e65-b8f3-7831c271e971___Matt.S_CG 7445.JPG,Tomato_Septoria_leaf_spot,Tomato,septoria leaf spot,15.3407505,93.18996508,8.379648008
/kaggle/input/plantdisease/PlantVillage/Tomato_Septoria_leaf_spot/d6513bff-a877-4482-88d0-699396af3862___JR_Sept.L.S 8419.JPG,Tomato_Septoria_leaf_spot,Tomato,septoria leaf spot,22.17105079,84.21878369,27.3347155
/kaggle/input/plantdisease/PlantVillage/Tomato_Septoria_leaf_spot/bac5c7de-e097-4d75-89a9-0b0f6343ad52___Matt.S_CG 6607.JPG,Tomato_Septoria_leaf_spot,Tomato,septoria leaf spot,26.95044827,87.8551566,8.780550061
/kaggle/input/plantdisease/PlantVillage/Tomato_Septoria_leaf_spot/a74f9277-a6c1-49da-81a6-bfd49db22df2___Matt.S_CG 6494.JPG,Tomato_Septoria_leaf_spot,Tomato,septoria leaf spot,19.3699622,92.45031883,10.18142062
/kaggle/input/plantdisease/PlantVillage/Tomato_Septoria_leaf_spot/e0f3d05f-131f-4baf-ae8b-36abdd1fc925___Matt.S_CG 6241.JPG,Tomato_Septoria_leaf_spot,Tomato,septoria leaf spot,16.38918631,91.39248142,7.334781917
/kaggle/input/plantdisease/PlantVillage/Tomato_Septoria_leaf_spot/8c5a5ad2-1ac9-4a19-a5ea-26ae87e0f4c4___JR_Sept.L.S 2538.JPG,Tomato_Septoria_leaf_spot,Tomato,septoria leaf spot,17.41266076,98.73531104,12.10689789
/kaggle/input/plantdisease/PlantVillage/Tomato_Septoria_leaf_spot/6e28615d-e735-42e3-8eef-96bf10a4908d___Matt.S_CG 1514.JPG,Tomato_Septoria_leaf_spot,Tomato,septoria leaf spot,17.62431479,90.62690675,12.7296073
/kaggle/input/plantdisease/PlantVillage/Tomato_Septoria_leaf_spot/aecb29a8-4d9f-4503-a2b1-906551b8ec76___Matt.S_CG 7448.JPG,Tomato_Septoria_leaf_spot,Tomato,septoria leaf spot,21.38966794,84.48550077,11.25308902
/kaggle/input/plantdisease/PlantVillage/Tomato_Septoria_leaf_spot/908a637d-2cba-4c03-ab03-4b41eae1470c___Matt.S_CG 7459.JPG,Tomato_Septoria_leaf_spot,Tomato,septoria leaf spot,25.88072631,86.16595861,11.57027474
/kaggle/input/plantdisease/PlantVillage/Tomato_Septoria_leaf_spot/7a7c032c-bc58-43c0-9bf7-26be8baf2660___Matt.S_CG 7605.JPG,Tomato_Septoria_leaf_spot,Tomato,septoria leaf spot,20.83421509,92.93062947,7.804276316
/kaggle/input/plantdisease/PlantVillage/Tomato_Septoria_leaf_spot/0ea8a7c0-74f4-404b-81f4-233e501dab60___Matt.S_CG 6731.JPG,Tomato_Septoria_leaf_spot,Tomato,septoria leaf spot,16.9404,82.97240564,11.17527174
/kaggle/input/plantdisease/PlantVillage/Tomato_Septoria_leaf_spot/97862022-bdbb-4641-b2e7-daa77f5f03d5___JR_Sept.L.S 2553.JPG,Tomato_Septoria_leaf_spot,Tomato,septoria leaf spot,15.09712921,85.75845132,8.278390861
/kaggle/input/plantdisease/PlantVillage/Tomato_Septoria_leaf_spot/fb9766cd-052f-42df-96db-33602cf051e6___Matt.S_CG 6051.JPG,Tomato_Septoria_leaf_spot,Tomato,septoria leaf spot,17.92922252,88.79458996,9.758794664
/kaggle/input/plantdisease/PlantVillage/Tomato_Septoria_leaf_spot/6a29f136-d22e-470f-9ea1-447c5f3d410d___Matt.S_CG 7471.JPG,Tomato_Septoria_leaf_spot,Tomato,septoria leaf spot,25.72793656,95.40231283,9.89010989
/kaggle/input/plantdisease/PlantVillage/Tomato_Septoria_leaf_spot/13cc7d11-275b-44c2-977f-cef792d827ed___Keller.St_CG 2000.JPG,Tomato_Septoria_leaf_spot,Tomato,septoria leaf spot,18.47007703,95.87375624,7.757687311
/kaggle/input/plantdisease/PlantVillage/Tomato_Septoria_leaf_spot/e72c5427-8973-4ba3-9654-ac7197296aa4___Matt.S_CG 0854.JPG,Tomato_Septoria_leaf_spot,Tomato,septoria leaf spot,22.93938746,90.31476009,14.74188398
/kaggle/input/plantdisease/PlantVillage/Tomato_Septoria_leaf_spot/fd042aff-4c10-4a6d-880f-cef50afd03b6___Keller.St_CG 1970.JPG,Tomato_Septoria_leaf_spot,Tomato,septoria leaf spot,25.54869718,84.31001603,10.10371362
/kaggle/input/plantdisease/PlantVillage/Tomato_Septoria_leaf_spot/f2c4d017-4a10-4a16-822a-becf33bc6bf6___Matt.S_CG 1698.JPG,Tomato_Septoria_leaf_spot,Tomato,septoria leaf spot,24.22836292,99.20933569,8.174070248
/kaggle/input/plantdisease/PlantVillage/Tomato_Septoria_leaf_spot/9d8b787b-4b2f-4f54-8a2d-e0640c374fe0___Matt.S_CG 1425.JPG,Tomato_Septoria_leaf_spot,Tomato,septoria leaf spot,25.94743129,80.61293696,7.490624163
/kaggle/input/plantdisease/PlantVillage/Tomato_Septoria_leaf_spot/8b94c375-1eaf-4e17-b7ae-7718ab4c0b29___Matt.S_CG 5984.JPG,Tomato_Septoria_leaf_spot,Tomato,septoria leaf spot,17.82822629,90.19904453,9.471465141
/kaggle/input/plantdisease/PlantVillage/Tomato_Septoria_leaf_spot/5200301e-a744-45d6-acd7-1b9d254d279d___JR_Sept.L.S 8374.JPG,Tomato_Septoria_leaf_spot,Tomato,septoria leaf spot,22.73644568,99.3269457,17.46687033
/kaggle/input/plantdisease/PlantVillage/Tomato_Septoria_leaf_spot/099a68fb-a30b-48b6-99ae-908449e48950___JR_Sept.L.S 2691.JPG,Tomato_Septoria_leaf_spot,Tomato,septoria leaf spot,19.14609851,83.64313727,11.27593249
/kaggle/input/plantdisease/PlantVillage/Tomato_Septoria_leaf_spot/acad88d8-7497-4067-abba-8171911fb6c1___JR_Sept.L.S 8448.JPG,Tomato_Septoria_leaf_spot,Tomato,septoria leaf spot,20.4875837,89.52885495,11.96078431
/kaggle/input/plantdisease/PlantVillage/Tomato_Septoria_leaf_spot/9d74964a-cca9-4a0c-9193-efb5be233f6f___JR_Sept.L.S 8375.JPG,Tomato_Septoria_leaf_spot,Tomato,septoria leaf spot,26.60391055,89.15543298,10.54546993
/kaggle/input/plantdisease/PlantVillage/Tomato_Septoria_leaf_spot/59bf9a0a-7c6f-44d7-ae59-b987b59b7af4___Matt.S_CG 6180.JPG,Tomato_Septoria_leaf_spot,Tomato,septoria leaf spot,17.44666304,96.31737978,9.89145096
/kaggle/input/plantdisease/PlantVillage/Tomato_Septoria_leaf_spot/57fd9d9a-57d0-4282-af8c-e2b4aa04b517___Keller.St_CG 1874.JPG,Tomato_Septoria_leaf_spot,Tomato,septoria leaf spot,25.09179151,80.46377939,6.456866965
/kaggle/input/plantdisease/PlantVillage/Tomato_Septoria_leaf_spot/d710ad26-f858-45fd-b59c-0d121c4a2dec___JR_Sept.L.S 8402.JPG,Tomato_Septoria_leaf_spot,Tomato,septoria leaf spot,25.08408115,80.01595215,17.71954023
/kaggle/input/plantdisease/PlantVillage/Tomato_Septoria_leaf_spot/2a2b0821-26eb-4322-a603-1ba569b9de98___JR_Sept.L.S 8513.JPG,Tomato_Septoria_leaf_spot,Tomato,septoria leaf spot,19.59610411,87.11418825,9.381963176
/kaggle/input/plantdisease/PlantVillage/Tomato_Septoria_leaf_spot/77afbf01-7a6e-421a-838e-224b2988c0f7___JR_Sept.L.S 8515.JPG,Tomato_Septoria_leaf_spot,Tomato,septoria leaf spot,15.78907699,97.91045383,9.374094465
/kaggle/input/plantdisease/PlantVillage/Tomato_Septoria_leaf_spot/4dc663c9-994d-4204-ae40-30d5eab53bc9___Matt.S_CG 0678.JPG,Tomato_Septoria_leaf_spot,Tomato,septoria leaf spot,26.45588746,82.80974797,14.13879997
/kaggle/input/plantdisease/PlantVillage/Tomato_Septoria_leaf_spot/548506b9-119b-47a9-b5c6-7c13abb7887b___Keller.St_CG 1811.JPG,Tomato_Septoria_leaf_spot,Tomato,septoria leaf spot,24.45947977,84.05169623,4.944722096
/kaggle/input/plantdisease/PlantVillage/Tomato_Septoria_leaf_spot/41efe5a6-94ca-4761-8543-fd42b09dc4a8___Matt.S_CG 6303.JPG,Tomato_Septoria_leaf_spot,Tomato,septoria leaf spot,20.3575959,82.4418356,9.248384118
/kaggle/input/plantdisease/PlantVillage/Tomato_Septoria_leaf_spot/321f1ae4-f088-44c1-aaaa-19283d863fda___Matt.S_CG 1613.JPG,Tomato_Septoria_leaf_spot,Tomato,septoria leaf spot,25.05545747,96.45652364,11.93467337
/kaggle/input/plantdisease/PlantVillage/Tomato_Septoria_leaf_spot/1f9fe103-ec5a-4ebb-bd93-14c97537dd3a___Matt.S_CG 6572.JPG,Tomato_Septoria_leaf_spot,Tomato,septoria leaf spot,26.02850121,80.23765869,9.734623402
/kaggle/input/plantdisease/PlantVillage/Tomato_Septoria_leaf_spot/128693e3-7738-4185-802e-480a37afd497___Matt.S_CG 7673.JPG,Tomato_Septoria_leaf_spot,Tomato,septoria leaf spot,21.96624164,85.80886304,10.32063449
/kaggle/input/plantdisease/PlantVillage/Tomato_Septoria_leaf_spot/006c018a-bb21-4a24-b1ff-d8b2864a7354___Matt.S_CG 6192.JPG,Tomato_Septoria_leaf_spot,Tomato,septoria leaf spot,21.51561945,81.92788892,9.919425824
/kaggle/input/plantdisease/PlantVillage/Tomato_Septoria_leaf_spot/8844989d-d8df-4271-8794-3e0ac27c7aca___JR_Sept.L.S 8348.JPG,Tomato_Septoria_leaf_spot,Tomato,septoria leaf spot,17.68176459,96.64944043,16.4369634
/kaggle/input/plantdisease/PlantVillage/Tomato_Septoria_leaf_spot/23af22d9-856c-41ba-a63d-9643b1ef9156___Matt.S_CG 1091.JPG,Tomato_Septoria_leaf_spot,Tomato,septoria leaf spot,23.60418935,97.98691962,12.45354551
/kaggle/input/plantdisease/PlantVillage/Tomato_Septoria_leaf_spot/ce0bad5b-8752-4d85-af7f-d4d6ad672865___JR_Sept.L.S 2529.JPG,Tomato_Septoria_leaf_spot,Tomato,septoria leaf spot,19.98369419,92.43311147,7.151250082
/kaggle/input/plantdisease/PlantVillage/Tomato_Septoria_leaf_spot/1f01e6fc-e4a2-4f40-bd17-bb3852cef631___Keller.St_CG 1825.JPG,Tomato_Septoria_leaf_spot,Tomato,septoria leaf spot,24.04876153,81.10935411,10.99982581
/kaggle/input/plantdisease/PlantVillage/Tomato_Septoria_leaf_spot/3931a2cf-5122-47f2-bff0-509460130890___Matt.S_CG 1139.JPG,Tomato_Septoria_leaf_spot,Tomato,septoria leaf spot,23.15737473,84.7389058,7.571743929
/kaggle/input/plantdisease/PlantVillage/Tomato_Septoria_leaf_spot/9ad5aed4-e5f2-45f9-bbe4-cbbce80e344c___Keller.St_CG 1925.JPG,Tomato_Septoria_leaf_spot,Tomato,septoria leaf spot,17.56789708,83.4487959,11.66829605
/kaggle/input/plantdisease/PlantVillage/Tomato_Septoria_leaf_spot/eb26346a-ab63-4741-aad4-c84c36d17d5e___JR_Sept.L.S 8440.JPG,Tomato_Septoria_leaf_spot,Tomato,septoria leaf spot,17.48861038,96.72391035,11.14991763
/kaggle/input/plantdisease/PlantVillage/Tomato_Septoria_leaf_spot/7a54f605-84c0-4344-8fbd-69bd6b34eebd___JR_Sept.L.S 8547.JPG,Tomato_Septoria_leaf_spot,Tomato,septoria leaf spot,23.84981572,94.83543877,22.23507858
/kaggle/input/plantdisease/PlantVillage/Tomato_Septoria_leaf_spot/7f851bf4-b472-4dc3-b7d5-23e877cf6547___Matt.S_CG 7802.JPG,Tomato_Septoria_leaf_spot,Tomato,septoria leaf spot,21.94525233,94.50280809,9.650461726
/kaggle/input/plantdisease/PlantVillage/Tomato_Septoria_leaf_spot/e301a5e1-ab4c-4a82-b79f-074a8147827f___Matt.S_CG 0839.JPG,Tomato_Septoria_leaf_spot,Tomato,septoria leaf spot,19.77365236,98.14334303,9.412051571
/kaggle/input/plantdisease/PlantVillage/Tomato_Septoria_leaf_spot/382d37d7-8b5c-4e6b-9e6a-b346a0a228a3___Matt.S_CG 7859.JPG,Tomato_Septoria_leaf_spot,Tomato,septoria leaf spot,25.16046616,81.0982593,8.491604246
/kaggle/input/plantdisease/PlantVillage/Tomato_Septoria_leaf_spot/6d01e191-a269-45c0-9212-53a678c037b3___Keller.St_CG 1932.JPG,Tomato_Septoria_leaf_spot,Tomato,septoria leaf spot,20.36085581,89.59145982,4.143409188
/kaggle/input/plantdisease/PlantVillage/Tomato_Septoria_leaf_spot/740caf75-7903-44ec-ac47-c8a684736c8a___Keller.St_CG 2005.JPG,Tomato_Septoria_leaf_spot,Tomato,septoria leaf spot,15.24149838,83.99407341,7.223431625
/kaggle/input/plantdisease/PlantVillage/Tomato_Septoria_leaf_spot/ea5c98f5-2df4-4018-a538-cefa58bec252___Keller.St_CG 1819.JPG,Tomato_Septoria_leaf_spot,Tomato,septoria leaf spot,21.07565411,88.25103753,4.516584333
/kaggle/input/plantdisease/PlantVillage/Tomato_Septoria_leaf_spot/748290c1-48f9-46ab-bf30-70db00d1aa76___JR_Sept.L.S 2547.JPG,Tomato_Septoria_leaf_spot,Tomato,septoria leaf spot,16.68917855,82.36714805,18.6249183
/kaggle/input/plantdisease/PlantVillage/Tomato_Septoria_leaf_spot/f52594e8-944c-4c02-8bd3-47f98a1cf375___Matt.S_CG 1607.JPG,Tomato_Septoria_leaf_spot,Tomato,septoria leaf spot,24.05033509,80.50978268,10.96006114
/kaggle/input/plantdisease/PlantVillage/Tomato_Septoria_leaf_spot/cded6e08-aa66-43bc-a190-3d83a229b273___Matt.S_CG 1564.JPG,Tomato_Septoria_leaf_spot,Tomato,septoria leaf spot,17.24497151,81.23537215,9.812036558
/kaggle/input/plantdisease/PlantVillage/Tomato_Septoria_leaf_spot/cbf33493-c9d7-486c-90c7-0e1117aec294___Matt.S_CG 7472.JPG,Tomato_Septoria_leaf_spot,Tomato,septoria leaf spot,21.85778321,92.22754672,8.584611767
/kaggle/input/plantdisease/PlantVillage/Tomato_Septoria_leaf_spot/23572403-70ff-4ea4-8eb8-6bae4649af5f___Matt.S_CG 7422.JPG,Tomato_Septoria_leaf_spot,Tomato,septoria leaf spot,21.88754564,94.46574728,16.00726686
/kaggle/input/plantdisease/PlantVillage/Tomato_Septoria_leaf_spot/7d5b8ab6-0280-4b43-9748-21d803810857___JR_Sept.L.S 2560.JPG,Tomato_Septoria_leaf_spot,Tomato,septoria leaf spot,23.4260376,85.97049557,19.56410444
/kaggle/input/plantdisease/PlantVillage/Tomato_Septoria_leaf_spot/b5d40a39-bc7a-4818-a06b-5e97e819a24f___Matt.S_CG 7701.JPG,Tomato_Septoria_leaf_spot,Tomato,septoria leaf spot,21.82059294,92.08767822,7.873851916
/kaggle/input/plantdisease/PlantVillage/Tomato_Septoria_leaf_spot/38cd312a-88ac-490c-a95c-0bddee777154___JR_Sept.L.S 2469.JPG,Tomato_Septoria_leaf_spot,Tomato,septoria leaf spot,18.94074657,93.43212361,15.73723844
/kaggle/input/plantdisease/PlantVillage/Tomato_Spider_mites_Two_spotted_spider_mite/d9107a2d-f6be-441a-a0d1-3e6daf981704___Com.G_SpM_FL 9379.JPG,Tomato_Spider_mites_Two_spotted_spider_mite,Tomato,spider mites two spotted spider mite,27.55871591,33.4440382,17.34097908
/kaggle/input/plantdisease/PlantVillage/Tomato_Spider_mites_Two_spotted_spider_mite/a528e3eb-903e-42d6-8bd8-75157b2da5d8___Com.G_SpM_FL 9011.JPG,Tomato_Spider_mites_Two_spotted_spider_mite,Tomato,spider mites two spotted spider mite,31.79449982,35.8540544,23.62703547
/kaggle/input/plantdisease/PlantVillage/Tomato_Spider_mites_Two_spotted_spider_mite/a90a575f-937a-4975-a750-b83ea905900d___Com.G_SpM_FL 9337.JPG,Tomato_Spider_mites_Two_spotted_spider_mite,Tomato,spider mites two spotted spider mite,31.18074919,44.99951018,7.320269224
/kaggle/input/plantdisease/PlantVillage/Tomato_Spider_mites_Two_spotted_spider_mite/7580fbd3-79a7-494b-8387-d2a11aa16ce7___Com.G_SpM_FL 1290.JPG,Tomato_Spider_mites_Two_spotted_spider_mite,Tomato,spider mites two spotted spider mite,33.00283472,58.75297809,19.89286082
/kaggle/input/plantdisease/PlantVillage/Tomato_Spider_mites_Two_spotted_spider_mite/0f514b75-2c74-4075-b9c7-5d469ab292ba___Com.G_SpM_FL 1205.JPG,Tomato_Spider_mites_Two_spotted_spider_mite,Tomato,spider mites two spotted spider mite,33.0027132,42.65767981,14.89435229
/kaggle/input/plantdisease/PlantVillage/Tomato_Spider_mites_Two_spotted_spider_mite/01963a97-0507-43a6-ae4a-1afd8e0c4f3e___Com.G_SpM_FL 1217.JPG,Tomato_Spider_mites_Two_spotted_spider_mite,Tomato,spider mites two spotted spider mite,28.52721365,46.04909506,10.12234754
/kaggle/input/plantdisease/PlantVillage/Tomato_Spider_mites_Two_spotted_spider_mite/498314ae-6c7f-4c5a-998a-ad0dab8456f6___Com.G_SpM_FL 8923.JPG,Tomato_Spider_mites_Two_spotted_spider_mite,Tomato,spider mites two spotted spider mite,30.42151872,43.14177539,23.44583504
/kaggle/input/plantdisease/PlantVillage/Tomato_Spider_mites_Two_spotted_spider_mite/89188288-ad6b-4327-b712-3c3dbe08e5eb___Com.G_SpM_FL 8495.JPG,Tomato_Spider_mites_Two_spotted_spider_mite,Tomato,spider mites two spotted spider mite,25.42779648,39.85655632,22.30243751
/kaggle/input/plantdisease/PlantVillage/Tomato_Spider_mites_Two_spotted_spider_mite/7947ab60-0ec9-4e57-a8bd-32ba4ddaa8f7___Com.G_SpM_FL 1426.JPG,Tomato_Spider_mites_Two_spotted_spider_mite,Tomato,spider mites two spotted spider mite,25.69640588,36.77924575,16.48742168
/kaggle/input/plantdisease/PlantVillage/Tomato_Spider_mites_Two_spotted_spider_mite/529646d8-5a02-4db8-b693-dd8232dd189f___Com.G_SpM_FL 8592.JPG,Tomato_Spider_mites_Two_spotted_spider_mite,Tomato,spider mites two spotted spider mite,27.29946924,50.38992033,18.73831047
/kaggle/input/plantdisease/PlantVillage/Tomato_Spider_mites_Two_spotted_spider_mite/497e7ecf-8350-4490-9946-b6e55f90d382___Com.G_SpM_FL 1423.JPG,Tomato_Spider_mites_Two_spotted_spider_mite,Tomato,spider mites two spotted spider mite,31.88737027,30.88491343,25.20935761
/kaggle/input/plantdisease/PlantVillage/Tomato_Spider_mites_Two_spotted_spider_mite/d6016818-1e71-4bb2-a10b-35ef305b5dfb___Com.G_SpM_FL 1396.JPG,Tomato_Spider_mites_Two_spotted_spider_mite,Tomato,spider mites two spotted spider mite,30.91128199,55.45218319,16.43538795
/kaggle/input/plantdisease/PlantVillage/Tomato_Spider_mites_Two_spotted_spider_mite/8152b65e-0416-418d-a0d0-8893accdff15___Com.G_SpM_FL 9420.JPG,Tomato_Spider_mites_Two_spotted_spider_mite,Tomato,spider mites two spotted spider mite,34.72004105,30.66175555,18.23039012
/kaggle/input/plantdisease/PlantVillage/Tomato_Spider_mites_Two_spotted_spider_mite/3049a6ad-905d-4a96-92b4-2ec045c397a1___Com.G_SpM_FL 8796.JPG,Tomato_Spider_mites_Two_spotted_spider_mite,Tomato,spider mites two spotted spider mite,28.49176622,56.04519748,32.31420098
/kaggle/input/plantdisease/PlantVillage/Tomato_Spider_mites_Two_spotted_spider_mite/c04a2775-9b88-437c-9ae6-1bace29f4a44___Com.G_SpM_FL 8783.JPG,Tomato_Spider_mites_Two_spotted_spider_mite,Tomato,spider mites two spotted spider mite,30.44269715,45.0763207,26.45813823
/kaggle/input/plantdisease/PlantVillage/Tomato_Spider_mites_Two_spotted_spider_mite/bf36d28e-7feb-460c-a26d-75619b819157___Com.G_SpM_FL 8604.JPG,Tomato_Spider_mites_Two_spotted_spider_mite,Tomato,spider mites two spotted spider mite,26.89573967,50.26025054,18.60815562
/kaggle/input/plantdisease/PlantVillage/Tomato_Spider_mites_Two_spotted_spider_mite/d05b2e21-1ba0-473a-889b-2a438dadac39___Com.G_SpM_FL 8750.JPG,Tomato_Spider_mites_Two_spotted_spider_mite,Tomato,spider mites two spotted spider mite,29.95752606,50.33945938,5.265333734
/kaggle/input/plantdisease/PlantVillage/Tomato_Spider_mites_Two_spotted_spider_mite/e5cfe36c-5c1a-4803-9cde-2df158861c95___Com.G_SpM_FL 8555.JPG,Tomato_Spider_mites_Two_spotted_spider_mite,Tomato,spider mites two spotted spider mite,28.36753832,33.61814269,27.80884187
/kaggle/input/plantdisease/PlantVillage/Tomato_Spider_mites_Two_spotted_spider_mite/f598ab69-e947-4664-9df0-0ba133e40b30___Com.G_SpM_FL 9504.JPG,Tomato_Spider_mites_Two_spotted_spider_mite,Tomato,spider mites two spotted spider mite,31.91309969,41.93172129,12.42637064
/kaggle/input/plantdisease/PlantVillage/Tomato_Spider_mites_Two_spotted_spider_mite/e5465236-4d0d-44e8-b6fa-9d3c908306c2___Com.G_SpM_FL 1601.JPG,Tomato_Spider_mites_Two_spotted_spider_mite,Tomato,spider mites two spotted spider mite,33.92152842,51.44100197,21.72960928
/kaggle/input/plantdisease/PlantVillage/Tomato_Spider_mites_Two_spotted_spider_mite/2885962a-dc26-4951-a934-34c726bc32a5___Com.G_SpM_FL 8657.JPG,Tomato_Spider_mites_Two_spotted_spider_mite,Tomato,spider mites two spotted spider mite,31.19137636,42.04787423,28.14919439
/kaggle/input/plantdisease/PlantVillage/Tomato_Spider_mites_Two_spotted_spider_mite/bd02e7b2-383c-4d04-8361-084cec0dc177___Com.G_SpM_FL 8574.JPG,Tomato_Spider_mites_Two_spotted_spider_mite,Tomato,spider mites two spotted spider mite,34.09203558,45.75370807,17.72827688
/kaggle/input/plantdisease/PlantVillage/Tomato_Spider_mites_Two_spotted_spider_mite/0ac9558f-1e02-4498-9584-887627587bc0___Com.G_SpM_FL 1148.JPG,Tomato_Spider_mites_Two_spotted_spider_mite,Tomato,spider mites two spotted spider mite,34.51829018,57.32324818,14.36027648
/kaggle/input/plantdisease/PlantVillage/Tomato_Spider_mites_Two_spotted_spider_mite/5f5d8312-b182-42a6-bba5-391335641e02___Com.G_SpM_FL 1479.JPG,Tomato_Spider_mites_Two_spotted_spider_mite,Tomato,spider mites two spotted spider mite,33.84879711,58.87356392,13.44481605
/kaggle/input/plantdisease/PlantVillage/Tomato_Spider_mites_Two_spotted_spider_mite/d1701437-5060-44d3-9feb-1436cdb28200___Com.G_SpM_FL 1140.JPG,Tomato_Spider_mites_Two_spotted_spider_mite,Tomato,spider mites two spotted spider mite,33.26763564,31.06374693,17.52497333
/kaggle/input/plantdisease/PlantVillage/Tomato_Spider_mites_Two_spotted_spider_mite/3f364683-faa4-490f-b512-1f78010fcbe8___Com.G_SpM_FL 1164.JPG,Tomato_Spider_mites_Two_spotted_spider_mite,Tomato,spider mites two spotted spider mite,31.70415632,43.02562464,15.14172619
/kaggle/input/plantdisease/PlantVillage/Tomato_Spider_mites_Two_spotted_spider_mite/9cd773ee-c072-4a61-bc6c-716826705904___Com.G_SpM_FL 1220.JPG,Tomato_Spider_mites_Two_spotted_spider_mite,Tomato,spider mites two spotted spider mite,25.67690285,45.15931212,15.81110517
/kaggle/input/plantdisease/PlantVillage/Tomato_Spider_mites_Two_spotted_spider_mite/3ecafd6d-017a-49aa-bb63-e4e8605df540___Com.G_SpM_FL 1349.JPG,Tomato_Spider_mites_Two_spotted_spider_mite,Tomato,spider mites two spotted spider mite,32.34284635,30.75203282,20.06339569
/kaggle/input/plantdisease/PlantVillage/Tomato_Spider_mites_Two_spotted_spider_mite/05d67c02-8fb8-40dd-bbbe-efdc9837dced___Com.G_SpM_FL 1598.JPG,Tomato_Spider_mites_Two_spotted_spider_mite,Tomato,spider mites two spotted spider mite,33.62922768,58.38068488,18.05491285
/kaggle/input/plantdisease/PlantVillage/Tomato_Spider_mites_Two_spotted_spider_mite/ab4386a4-d905-4a3a-aa19-8c3a76fabd75___Com.G_SpM_FL 8713.JPG,Tomato_Spider_mites_Two_spotted_spider_mite,Tomato,spider mites two spotted spider mite,34.11743183,30.9616548,22.73187956
/kaggle/input/plantdisease/PlantVillage/Tomato_Spider_mites_Two_spotted_spider_mite/c8e52c3f-3045-4f12-b16c-4b56fb6de976___Com.G_SpM_FL 9369.JPG,Tomato_Spider_mites_Two_spotted_spider_mite,Tomato,spider mites two spotted spider mite,28.72857406,31.8224494,15.93000095
/kaggle/input/plantdisease/PlantVillage/Tomato_Spider_mites_Two_spotted_spider_mite/e888eec7-f355-4611-a28f-137f034474e5___Com.G_SpM_FL 8847.JPG,Tomato_Spider_mites_Two_spotted_spider_mite,Tomato,spider mites two spotted spider mite,25.18673113,34.22097644,23.64282637
/kaggle/input/plantdisease/PlantVillage/Tomato_Spider_mites_Two_spotted_spider_mite/4f355304-d619-4594-8370-a0863049bf4d___Com.G_SpM_FL 8981.JPG,Tomato_Spider_mites_Two_spotted_spider_mite,Tomato,spider mites two spotted spider mite,29.85141481,49.30139534,37.57909442
/kaggle/input/plantdisease/PlantVillage/Tomato_Spider_mites_Two_spotted_spider_mite/61b545b4-309c-4eff-9fe7-e0979dbe3c40___Com.G_SpM_FL 1322.JPG,Tomato_Spider_mites_Two_spotted_spider_mite,Tomato,spider mites two spotted spider mite,26.40431666,47.51127224,17.42979534
/kaggle/input/plantdisease/PlantVillage/Tomato_Spider_mites_Two_spotted_spider_mite/2fb77f60-ae5b-40c4-b6fb-3c90ac55ccd4___Com.G_SpM_FL 9367.JPG,Tomato_Spider_mites_Two_spotted_spider_mite,Tomato,spider mites two spotted spider mite,31.55187546,44.45581408,13.85985866
/kaggle/input/plantdisease/PlantVillage/Tomato_Spider_mites_Two_spotted_spider_mite/905add43-a0f6-4dbb-a78b-d613c2e178e1___Com.G_SpM_FL 1584.JPG,Tomato_Spider_mites_Two_spotted_spider_mite,Tomato,spider mites two spotted spider mite,34.77330181,59.96914497,11.62086129
/kaggle/input/plantdisease/PlantVillage/Tomato_Spider_mites_Two_spotted_spider_mite/72cf5a17-b827-4b73-aa6d-de3eae7584c3___Com.G_SpM_FL 8672.JPG,Tomato_Spider_mites_Two_spotted_spider_mite,Tomato,spider mites two spotted spider mite,32.3665597,55.91302153,14.40124858
/kaggle/input/plantdisease/PlantVillage/Tomato_Spider_mites_Two_spotted_spider_mite/dbdc03e7-aed5-415b-9b93-2e47ef27f1c3___Com.G_SpM_FL 8498.JPG,Tomato_Spider_mites_Two_spotted_spider_mite,Tomato,spider mites two spotted spider mite,25.74437578,34.99705702,22.31749377
/kaggle/input/plantdisease/PlantVillage/Tomato_Spider_mites_Two_spotted_spider_mite/54a61499-2018-48f7-a77f-90531d1483b9___Com.G_SpM_FL 8586.JPG,Tomato_Spider_mites_Two_spotted_spider_mite,Tomato,spider mites two spotted spider mite,26.65777107,50.84902766,22.52715232
/kaggle/input/plantdisease/PlantVillage/Tomato_Spider_mites_Two_spotted_spider_mite/d8897927-b800-4192-9669-be4b05195993___Com.G_SpM_FL 1464.JPG,Tomato_Spider_mites_Two_spotted_spider_mite,Tomato,spider mites two spotted spider mite,31.20428508,32.45530447,15.82415714
/kaggle/input/plantdisease/PlantVillage/Tomato_Spider_mites_Two_spotted_spider_mite/9c82d063-388e-4747-bdd5-c369b1b80972___Com.G_SpM_FL 9648.JPG,Tomato_Spider_mites_Two_spotted_spider_mite,Tomato,spider mites two spotted spider mite,27.75300898,33.52738369,8.113348905
/kaggle/input/plantdisease/PlantVillage/Tomato_Spider_mites_Two_spotted_spider_mite/55a69cc9-7404-469c-a367-bd54f182c2a5___Com.G_SpM_FL 9409.JPG,Tomato_Spider_mites_Two_spotted_spider_mite,Tomato,spider mites two spotted spider mite,30.42543471,38.32601546,16.67188576
/kaggle/input/plantdisease/PlantVillage/Tomato_Spider_mites_Two_spotted_spider_mite/47022d1b-82ee-4a72-8fdb-c014ba2f0caa___Com.G_SpM_FL 1632.JPG,Tomato_Spider_mites_Two_spotted_spider_mite,Tomato,spider mites two spotted spider mite,30.95152369,39.44006137,18.38257691
/kaggle/input/plantdisease/PlantVillage/Tomato_Spider_mites_Two_spotted_spider_mite/ef3f651f-80cf-4a1e-9c1d-543953ccf1ee___Com.G_SpM_FL 1286.JPG,Tomato_Spider_mites_Two_spotted_spider_mite,Tomato,spider mites two spotted spider mite,25.32387989,33.09062675,14.24236082
/kaggle/input/plantdisease/PlantVillage/Tomato_Spider_mites_Two_spotted_spider_mite/d697c77a-7cd1-4790-8ec4-437513fad107___Com.G_SpM_FL 1215.JPG,Tomato_Spider_mites_Two_spotted_spider_mite,Tomato,spider mites two spotted spider mite,28.9751956,57.11763642,17.05984499
/kaggle/input/plantdisease/PlantVillage/Tomato_Spider_mites_Two_spotted_spider_mite/edd1f4cc-f94d-4e4a-af9d-56a93a6068c4___Com.G_SpM_FL 8507.JPG,Tomato_Spider_mites_Two_spotted_spider_mite,Tomato,spider mites two spotted spider mite,27.87556562,54.0555917,32.39715903
/kaggle/input/plantdisease/PlantVillage/Tomato_Spider_mites_Two_spotted_spider_mite/3d06d27e-cfea-40b4-ac55-9e0dc96f6b55___Com.G_SpM_FL 8596.JPG,Tomato_Spider_mites_Two_spotted_spider_mite,Tomato,spider mites two spotted spider mite,28.92687925,51.93041913,11.93894171
/kaggle/input/plantdisease/PlantVillage/Tomato_Spider_mites_Two_spotted_spider_mite/4d6d5c99-09de-4dea-a9af-802ce6a095b8___Com.G_SpM_FL 9649.JPG,Tomato_Spider_mites_Two_spotted_spider_mite,Tomato,spider mites two spotted spider mite,29.24486206,38.10315858,7.908626806
/kaggle/input/plantdisease/PlantVillage/Tomato_Spider_mites_Two_spotted_spider_mite/2b47c565-c37a-4bdb-baa9-b3721dbf9bb6___Com.G_SpM_FL 9326.JPG,Tomato_Spider_mites_Two_spotted_spider_mite,Tomato,spider mites two spotted spider mite,28.35747307,31.34178286,8.232497839
/kaggle/input/plantdisease/PlantVillage/Tomato_Spider_mites_Two_spotted_spider_mite/4c2524a6-1d2b-4a5a-b3f6-3e3b1dc587e9___Com.G_SpM_FL 8521.JPG,Tomato_Spider_mites_Two_spotted_spider_mite,Tomato,spider mites two spotted spider mite,27.58170459,41.82699515,29.18038409
/kaggle/input/plantdisease/PlantVillage/Tomato_Spider_mites_Two_spotted_spider_mite/45d0aca4-ce49-43cb-af35-99ac8d283930___Com.G_SpM_FL 1459.JPG,Tomato_Spider_mites_Two_spotted_spider_mite,Tomato,spider mites two spotted spider mite,33.8416674,46.10373462,19.44791548
/kaggle/input/plantdisease/PlantVillage/Tomato_Spider_mites_Two_spotted_spider_mite/9ebfbe4c-8615-4aa4-8288-3855e9555fb5___Com.G_SpM_FL 9588.JPG,Tomato_Spider_mites_Two_spotted_spider_mite,Tomato,spider mites two spotted spider mite,26.23700468,42.39000569,8.183191283
/kaggle/input/plantdisease/PlantVillage/Tomato_Spider_mites_Two_spotted_spider_mite/6097d83a-d5e8-4588-af45-69acd79acd0d___Com.G_SpM_FL 8966.JPG,Tomato_Spider_mites_Two_spotted_spider_mite,Tomato,spider mites two spotted spider mite,25.82217539,33.49955375,13.05245766
/kaggle/input/plantdisease/PlantVillage/Tomato_Spider_mites_Two_spotted_spider_mite/8638b153-2ee6-471d-9eb6-8900fb80bd38___Com.G_SpM_FL 8899.JPG,Tomato_Spider_mites_Two_spotted_spider_mite,Tomato,spider mites two spotted spider mite,29.62141515,39.33329247,26.0612959
/kaggle/input/plantdisease/PlantVillage/Tomato_Spider_mites_Two_spotted_spider_mite/145e34a6-1cd6-4ac0-9091-9fa175effb81___Com.G_SpM_FL 1287.JPG,Tomato_Spider_mites_Two_spotted_spider_mite,Tomato,spider mites two spotted spider mite,34.10633764,56.78987958,14.37854367
/kaggle/input/plantdisease/PlantVillage/Tomato_Spider_mites_Two_spotted_spider_mite/450cb7b3-5489-4fe1-8897-491d70e9d1a4___Com.G_SpM_FL 8415.JPG,Tomato_Spider_mites_Two_spotted_spider_mite,Tomato,spider mites two spotted spider mite,33.64839297,41.22270808,18.53472277
/kaggle/input/plantdisease/PlantVillage/Tomato_Spider_mites_Two_spotted_spider_mite/c4888a9c-836d-4024-a44e-7e451470388d___Com.G_SpM_FL 9447.JPG,Tomato_Spider_mites_Two_spotted_spider_mite,Tomato,spider mites two spotted spider mite,27.38100617,40.53820044,10.24635731
/kaggle/input/plantdisease/PlantVillage/Tomato_Spider_mites_Two_spotted_spider_mite/c71a53bd-045e-48a2-a7a3-2032688619af___Com.G_SpM_FL 1549.JPG,Tomato_Spider_mites_Two_spotted_spider_mite,Tomato,spider mites two spotted spider mite,27.01627663,49.06270402,16.66230366
/kaggle/input/plantdisease/PlantVillage/Tomato_Spider_mites_Two_spotted_spider_mite/e1170356-0933-423b-a247-fa0da8b52cea___Com.G_SpM_FL 1239.JPG,Tomato_Spider_mites_Two_spotted_spider_mite,Tomato,spider mites two spotted spider mite,25.20381652,39.20434206,13.11611929
/kaggle/input/plantdisease/PlantVillage/Tomato_Spider_mites_Two_spotted_spider_mite/daa3aaa8-41a1-4b46-9b3e-3363ac2fb737___Com.G_SpM_FL 1210.JPG,Tomato_Spider_mites_Two_spotted_spider_mite,Tomato,spider mites two spotted spider mite,25.94083302,54.76292508,10.74130106
/kaggle/input/plantdisease/PlantVillage/Tomato_Spider_mites_Two_spotted_spider_mite/01720a27-7595-496b-bf53-dbe5c8c1e2c3___Com.G_SpM_FL 8476.JPG,Tomato_Spider_mites_Two_spotted_spider_mite,Tomato,spider mites two spotted spider mite,33.66403027,52.22273423,17.24918048
/kaggle/input/plantdisease/PlantVillage/Tomato_Spider_mites_Two_spotted_spider_mite/b0b458de-2ce8-46a1-815f-db2e513130fc___Com.G_SpM_FL 1416.JPG,Tomato_Spider_mites_Two_spotted_spider_mite,Tomato,spider mites two spotted spider mite,30.56566566,51.57284541,11.28245622
/kaggle/input/plantdisease/PlantVillage/Tomato_Spider_mites_Two_spotted_spider_mite/3bc0207a-406f-49e9-bf64-7082897ef2a4___Com.G_SpM_FL 1583.JPG,Tomato_Spider_mites_Two_spotted_spider_mite,Tomato,spider mites two spotted spider mite,34.52882627,49.67750682,17.47984892
/kaggle/input/plantdisease/PlantVillage/Tomato_Spider_mites_Two_spotted_spider_mite/7b6ac571-2d37-4614-803c-d00221d10c16___Com.G_SpM_FL 1467.JPG,Tomato_Spider_mites_Two_spotted_spider_mite,Tomato,spider mites two spotted spider mite,29.80864803,44.35572595,12.17297858
/kaggle/input/plantdisease/PlantVillage/Tomato_Spider_mites_Two_spotted_spider_mite/6bf31bc7-0d00-4303-a3d5-20733c36fa5d___Com.G_SpM_FL 1761.JPG,Tomato_Spider_mites_Two_spotted_spider_mite,Tomato,spider mites two spotted spider mite,25.69188885,56.47214966,9.40097018
/kaggle/input/plantdisease/PlantVillage/Tomato_Spider_mites_Two_spotted_spider_mite/d58dce86-2332-4c60-92c7-d033ddb9d0ef___Com.G_SpM_FL 1709.JPG,Tomato_Spider_mites_Two_spotted_spider_mite,Tomato,spider mites two spotted spider mite,29.08665215,49.53311555,11.28478497
/kaggle/input/plantdisease/PlantVillage/Tomato_Spider_mites_Two_spotted_spider_mite/b1c4f4d8-4908-4e10-aa16-555273040c71___Com.G_SpM_FL 8614.JPG,Tomato_Spider_mites_Two_spotted_spider_mite,Tomato,spider mites two spotted spider mite,29.85987363,30.27046988,12.16484139
/kaggle/input/plantdisease/PlantVillage/Tomato_Spider_mites_Two_spotted_spider_mite/1e802d57-3ff5-4527-8c9a-b1b764d6ccc9___Com.G_SpM_FL 1522.JPG,Tomato_Spider_mites_Two_spotted_spider_mite,Tomato,spider mites two spotted spider mite,26.03916611,36.49860204,8.960610435
/kaggle/input/plantdisease/PlantVillage/Tomato_Spider_mites_Two_spotted_spider_mite/a6ab82be-a59d-4288-aec5-194d8d796a31___Com.G_SpM_FL 9322.JPG,Tomato_Spider_mites_Two_spotted_spider_mite,Tomato,spider mites two spotted spider mite,31.55686712,43.22680595,13.88588988
/kaggle/input/plantdisease/PlantVillage/Tomato_Spider_mites_Two_spotted_spider_mite/c39c2991-99d9-4fd9-be42-97c0ec41d59e___Com.G_SpM_FL 8960.JPG,Tomato_Spider_mites_Two_spotted_spider_mite,Tomato,spider mites two spotted spider mite,34.58899052,32.48560045,13.02342741
/kaggle/input/plantdisease/PlantVillage/Tomato_Spider_mites_Two_spotted_spider_mite/bdc998dc-38ff-44e3-bd1d-1e5a702ac37a___Com.G_SpM_FL 1503.JPG,Tomato_Spider_mites_Two_spotted_spider_mite,Tomato,spider mites two spotted spider mite,26.19148472,52.83218173,10.11549184
/kaggle/input/plantdisease/PlantVillage/Tomato_Spider_mites_Two_spotted_spider_mite/a4f8db48-3677-438b-b06f-d1832dcefbd7___Com.G_SpM_FL 8982.JPG,Tomato_Spider_mites_Two_spotted_spider_mite,Tomato,spider mites two spotted spider mite,26.76072063,30.64787741,29.75884356
/kaggle/input/plantdisease/PlantVillage/Tomato_Spider_mites_Two_spotted_spider_mite/e9b4f610-ede6-4f4e-a604-b0c8bd1ce4cd___Com.G_SpM_FL 9281.JPG,Tomato_Spider_mites_Two_spotted_spider_mite,Tomato,spider mites two spotted spider mite,29.35828689,59.23706051,13.89629468
/kaggle/input/plantdisease/PlantVillage/Tomato_Spider_mites_Two_spotted_spider_mite/381feee3-bdda-4e1a-82f6-1ddd62152b63___Com.G_SpM_FL 1256.JPG,Tomato_Spider_mites_Two_spotted_spider_mite,Tomato,spider mites two spotted spider mite,26.66418,49.80852414,21.48870947
/kaggle/input/plantdisease/PlantVillage/Tomato_Spider_mites_Two_spotted_spider_mite/0cc75e2e-9e6f-4b8e-b564-3840c9ecff58___Com.G_SpM_FL 1442.JPG,Tomato_Spider_mites_Two_spotted_spider_mite,Tomato,spider mites two spotted spider mite,33.9847957,39.82702323,16.06312083
/kaggle/input/plantdisease/PlantVillage/Tomato_Spider_mites_Two_spotted_spider_mite/fb5551c8-d45c-4c92-8cd2-c389d4268c54___Com.G_SpM_FL 8827.JPG,Tomato_Spider_mites_Two_spotted_spider_mite,Tomato,spider mites two spotted spider mite,27.08801381,34.83188537,15.31644395
/kaggle/input/plantdisease/PlantVillage/Tomato_Spider_mites_Two_spotted_spider_mite/e6ebca7a-cacc-4ca4-bf8b-1c5f63f847dc___Com.G_SpM_FL 1511.JPG,Tomato_Spider_mites_Two_spotted_spider_mite,Tomato,spider mites two spotted spider mite,28.50305476,59.86705216,9.124356144
/kaggle/input/plantdisease/PlantVillage/Tomato_Spider_mites_Two_spotted_spider_mite/46e61286-24ed-4992-8d88-83ec62602374___Com.G_SpM_FL 1733.JPG,Tomato_Spider_mites_Two_spotted_spider_mite,Tomato,spider mites two spotted spider mite,30.09064773,52.41145615,14.37045275
/kaggle/input/plantdisease/PlantVillage/Tomato_Spider_mites_Two_spotted_spider_mite/548ac4de-ccf8-45b0-bd2e-84d4456427dd___Com.G_SpM_FL 8553.JPG,Tomato_Spider_mites_Two_spotted_spider_mite,Tomato,spider mites two spotted spider mite,33.5694386,55.65671912,25.43740015
/kaggle/input/plantdisease/PlantVillage/Tomato_Spider_mites_Two_spotted_spider_mite/d7ec2060-8c68-4b79-af37-c13bc51f9226___Com.G_SpM_FL 8595.JPG,Tomato_Spider_mites_Two_spotted_spider_mite,Tomato,spider mites two spotted spider mite,33.26959615,34.86416609,23.79912664
/kaggle/input/plantdisease/PlantVillage/Tomato_Spider_mites_Two_spotted_spider_mite/1b9607e3-1eec-4a0f-876b-f7923515b7e6___Com.G_SpM_FL 9288.JPG,Tomato_Spider_mites_Two_spotted_spider_mite,Tomato,spider mites two spotted spider mite,33.91486827,30.368789,22.96148074
/kaggle/input/plantdisease/PlantVillage/Tomato_Spider_mites_Two_spotted_spider_mite/20dcc445-3179-4092-8083-0c55be8e9579___Com.G_SpM_FL 1698.JPG,Tomato_Spider_mites_Two_spotted_spider_mite,Tomato,spider mites two spotted spider mite,34.38830228,57.26098726,17.84499055
/kaggle/input/plantdisease/PlantVillage/Tomato_Spider_mites_Two_spotted_spider_mite/1ba7b39c-c687-42da-b283-edf7a03b17b7___Com.G_SpM_FL 9484.JPG,Tomato_Spider_mites_Two_spotted_spider_mite,Tomato,spider mites two spotted spider mite,27.11981885,30.23121303,18.26760347
/kaggle/input/plantdisease/PlantVillage/Tomato_Spider_mites_Two_spotted_spider_mite/85b0921b-3d9a-4578-a389-6e498eba2aa3___Com.G_SpM_FL 8769.JPG,Tomato_Spider_mites_Two_spotted_spider_mite,Tomato,spider mites two spotted spider mite,28.82163318,43.13855294,22.92306511
/kaggle/input/plantdisease/PlantVillage/Tomato_Spider_mites_Two_spotted_spider_mite/0d831ad9-bc2a-4168-bbf2-6030f3f886f2___Com.G_SpM_FL 9419.JPG,Tomato_Spider_mites_Two_spotted_spider_mite,Tomato,spider mites two spotted spider mite,30.7885204,33.94113887,12.70612297
/kaggle/input/plantdisease/PlantVillage/Tomato_Spider_mites_Two_spotted_spider_mite/3c8199f8-aa54-47f8-9d70-1bf6cdd2e97b___Com.G_SpM_FL 9277.JPG,Tomato_Spider_mites_Two_spotted_spider_mite,Tomato,spider mites two spotted spider mite,33.06171598,49.67782851,9.821478227
/kaggle/input/plantdisease/PlantVillage/Tomato_Spider_mites_Two_spotted_spider_mite/3ff572ac-0f2f-494a-9c64-99ae63d318ef___Com.G_SpM_FL 1242.JPG,Tomato_Spider_mites_Two_spotted_spider_mite,Tomato,spider mites two spotted spider mite,32.45704214,45.85751543,20.84435083
/kaggle/input/plantdisease/PlantVillage/Tomato_Spider_mites_Two_spotted_spider_mite/3893e563-9bd6-4df6-a8e5-1488a680bb8b___Com.G_SpM_FL 1572.JPG,Tomato_Spider_mites_Two_spotted_spider_mite,Tomato,spider mites two spotted spider mite,27.92890543,45.09671348,10.25829119
/kaggle/input/plantdisease/PlantVillage/Tomato_Spider_mites_Two_spotted_spider_mite/23e37ceb-929f-43ad-86fb-7bb3b9b97820___Com.G_SpM_FL 9297.JPG,Tomato_Spider_mites_Two_spotted_spider_mite,Tomato,spider mites two spotted spider mite,27.33842853,58.36475883,10.83976007
/kaggle/input/plantdisease/PlantVillage/Tomato_Spider_mites_Two_spotted_spider_mite/27074def-852f-45c0-8a45-006f8f7108c3___Com.G_SpM_FL 9633.JPG,Tomato_Spider_mites_Two_spotted_spider_mite,Tomato,spider mites two spotted spider mite,25.9041882,41.06365413,7.698309493
/kaggle/input/plantdisease/PlantVillage/Tomato_Spider_mites_Two_spotted_spider_mite/d40c6c6f-396b-4032-ac0c-92d49b6ecea9___Com.G_SpM_FL 9457.JPG,Tomato_Spider_mites_Two_spotted_spider_mite,Tomato,spider mites two spotted spider mite,28.51091726,45.64602753,13.0591367
/kaggle/input/plantdisease/PlantVillage/Tomato_Spider_mites_Two_spotted_spider_mite/7cbb0e2a-7b29-4f9d-9a1d-65e9f25a14fb___Com.G_SpM_FL 9548.JPG,Tomato_Spider_mites_Two_spotted_spider_mite,Tomato,spider mites two spotted spider mite,33.15635136,42.42526192,9.616825932
/kaggle/input/plantdisease/PlantVillage/Tomato_Spider_mites_Two_spotted_spider_mite/c74c5e05-c536-4588-ae00-cd949456a488___Com.G_SpM_FL 8663.JPG,Tomato_Spider_mites_Two_spotted_spider_mite,Tomato,spider mites two spotted spider mite,27.2995044,39.36925921,29.11847644
/kaggle/input/plantdisease/PlantVillage/Tomato_Spider_mites_Two_spotted_spider_mite/70d81d89-74a0-43bc-ae4f-61bd0d9cc6af___Com.G_SpM_FL 1323.JPG,Tomato_Spider_mites_Two_spotted_spider_mite,Tomato,spider mites two spotted spider mite,30.82945719,30.73090513,14.14195691
/kaggle/input/plantdisease/PlantVillage/Tomato_Spider_mites_Two_spotted_spider_mite/4d142800-be82-4dfb-a550-6fa08fb19984___Com.G_SpM_FL 1306.JPG,Tomato_Spider_mites_Two_spotted_spider_mite,Tomato,spider mites two spotted spider mite,34.09579218,33.82159348,15.2940002
/kaggle/input/plantdisease/PlantVillage/Tomato_Spider_mites_Two_spotted_spider_mite/47690528-03cd-4c8f-bd9d-22a87f9227b4___Com.G_SpM_FL 8718.JPG,Tomato_Spider_mites_Two_spotted_spider_mite,Tomato,spider mites two spotted spider mite,25.78175539,46.69182874,20.83423152
/kaggle/input/plantdisease/PlantVillage/Tomato_Spider_mites_Two_spotted_spider_mite/88edbc3c-7373-46fd-b08b-e99408ea58db___Com.G_SpM_FL 1569.JPG,Tomato_Spider_mites_Two_spotted_spider_mite,Tomato,spider mites two spotted spider mite,34.3510633,52.33054713,12.50918371
/kaggle/input/plantdisease/PlantVillage/Tomato_Spider_mites_Two_spotted_spider_mite/aadcf7d6-56f1-495c-a099-8fca2f2e79e1___Com.G_SpM_FL 1392.JPG,Tomato_Spider_mites_Two_spotted_spider_mite,Tomato,spider mites two spotted spider mite,26.85369324,53.49461146,12.27291078
/kaggle/input/plantdisease/PlantVillage/Tomato_Spider_mites_Two_spotted_spider_mite/c4430ef6-bf01-4d6f-821b-0c87556db806___Com.G_SpM_FL 8880.JPG,Tomato_Spider_mites_Two_spotted_spider_mite,Tomato,spider mites two spotted spider mite,28.410398,45.57926582,24.04008796
/kaggle/input/plantdisease/PlantVillage/Tomato_Spider_mites_Two_spotted_spider_mite/4a1fef3f-35be-48ca-9e6c-78d5578c727a___Com.G_SpM_FL 1316.JPG,Tomato_Spider_mites_Two_spotted_spider_mite,Tomato,spider mites two spotted spider mite,33.70650137,59.71152619,23.26196141
/kaggle/input/plantdisease/PlantVillage/Tomato__Target_Spot/8d5ad6d9-7070-4022-a423-6812a09823f5___Com.G_TgS_FL 1029.JPG,Tomato__Target_Spot,Tomato,target spot,23.5250192,84.45237136,20.13024813
/kaggle/input/plantdisease/PlantVillage/Tomato__Target_Spot/27eb06a0-f8b9-44db-a169-4e3e6553f3f2___Com.G_TgS_FL 1108.JPG,Tomato__Target_Spot,Tomato,target spot,19.32777294,83.67909547,16.152049
/kaggle/input/plantdisease/PlantVillage/Tomato__Target_Spot/2334031d-35e6-4e99-bfee-e21c5fa1a75f___Com.G_TgS_FL 8334.JPG,Tomato__Target_Spot,Tomato,target spot,23.86970704,80.54840091,14.04371585
/kaggle/input/plantdisease/PlantVillage/Tomato__Target_Spot/9b7cfdd0-77b2-4d9c-ba23-723b8c1fb65a___Com.G_TgS_FL 1058.JPG,Tomato__Target_Spot,Tomato,target spot,22.01952629,77.60721967,22.14648655
/kaggle/input/plantdisease/PlantVillage/Tomato__Target_Spot/a4d3047a-8db1-42b6-9fe0-943a65159116___Com.G_TgS_FL 9975.JPG,Tomato__Target_Spot,Tomato,target spot,26.74377305,98.37871242,10.5695769
/kaggle/input/plantdisease/PlantVillage/Tomato__Target_Spot/f7ab8f84-31f8-4d1d-9068-e7918ce9c4bf___Com.G_TgS_FL 0780.JPG,Tomato__Target_Spot,Tomato,target spot,26.28018609,88.27957305,5.790795571
/kaggle/input/plantdisease/PlantVillage/Tomato__Target_Spot/8a71b39e-03c4-474d-a729-c6c5039c829c___Com.G_TgS_FL 0963.JPG,Tomato__Target_Spot,Tomato,target spot,25.41310796,80.70568033,11.22883123
/kaggle/input/plantdisease/PlantVillage/Tomato__Target_Spot/8f2ba5ed-f8a4-4b31-9da4-5e4229bd0274___Com.G_TgS_FL 7880.JPG,Tomato__Target_Spot,Tomato,target spot,27.83976027,78.29672843,6.715375524
/kaggle/input/plantdisease/PlantVillage/Tomato__Target_Spot/e771a274-87c8-4342-8b63-f67f220a672e___Com.G_TgS_FL 9832.JPG,Tomato__Target_Spot,Tomato,target spot,23.46593154,85.46326826,9.529990436
/kaggle/input/plantdisease/PlantVillage/Tomato__Target_Spot/b3855666-8e30-46e7-bcd0-559ac8450983___Com.G_TgS_FL 7953.JPG,Tomato__Target_Spot,Tomato,target spot,27.16031037,95.92283613,19.14702869
/kaggle/input/plantdisease/PlantVillage/Tomato__Target_Spot/678eafc4-f85e-4956-8153-1f66e00454bd___Com.G_TgS_FL 8097.JPG,Tomato__Target_Spot,Tomato,target spot,22.93683093,89.03416341,23.48114744
/kaggle/input/plantdisease/PlantVillage/Tomato__Target_Spot/f8ce0b9d-9cae-41d3-af49-2872493f3d47___Com.G_TgS_FL 0903.JPG,Tomato__Target_Spot,Tomato,target spot,23.55658904,96.8084242,15.49014294
/kaggle/input/plantdisease/PlantVillage/Tomato__Target_Spot/04889d08-6298-45d8-ab6c-0119fd1c2104___Com.G_TgS_FL 0778.JPG,Tomato__Target_Spot,Tomato,target spot,21.06487952,87.9893998,16.07920792
/kaggle/input/plantdisease/PlantVillage/Tomato__Target_Spot/a04bbb04-5455-4a67-b5fa-4ae4f3df34ef___Com.G_TgS_FL 8074.JPG,Tomato__Target_Spot,Tomato,target spot,27.74429404,77.1445307,20.30067171
/kaggle/input/plantdisease/PlantVillage/Tomato__Target_Spot/1c986ad6-8c08-4b6e-ac23-184d3d8d84fa___Com.G_TgS_FL 8083.JPG,Tomato__Target_Spot,Tomato,target spot,25.83362207,75.42496972,18.20792311
/kaggle/input/plantdisease/PlantVillage/Tomato__Target_Spot/644e8dce-2f7f-47e7-94b2-d70ab8ea8f72___Com.G_TgS_FL 8136.JPG,Tomato__Target_Spot,Tomato,target spot,27.26125186,76.04387578,11.96701807
/kaggle/input/plantdisease/PlantVillage/Tomato__Target_Spot/d26e6749-f1ca-406c-b052-55ee39836f78___Com.G_TgS_FL 0970.JPG,Tomato__Target_Spot,Tomato,target spot,19.70664769,95.95748857,18.25676012
/kaggle/input/plantdisease/PlantVillage/Tomato__Target_Spot/c14f2bd5-69dd-4436-a0cf-d56204da178c___Com.G_TgS_FL 9667.JPG,Tomato__Target_Spot,Tomato,target spot,24.86264369,82.65468016,8.346903643
/kaggle/input/plantdisease/PlantVillage/Tomato__Target_Spot/90939ea0-9f49-4b33-be99-8a36bd719b94___Com.G_TgS_FL 7918.JPG,Tomato__Target_Spot,Tomato,target spot,21.07860695,85.09483026,12.36076056
/kaggle/input/plantdisease/PlantVillage/Tomato__Target_Spot/edadae08-050c-4672-aa68-f53373fbb651___Com.G_TgS_FL 8355.JPG,Tomato__Target_Spot,Tomato,target spot,24.92839457,79.89635257,5.462694437
/kaggle/input/plantdisease/PlantVillage/Tomato__Target_Spot/876808b4-e989-445a-a43b-bd4fd98711bb___Com.G_TgS_FL 0035.JPG,Tomato__Target_Spot,Tomato,target spot,25.0077514,82.35604826,9.071554506
/kaggle/input/plantdisease/PlantVillage/Tomato__Target_Spot/37ab1070-e5a8-4145-8b30-d88961f835fd___Com.G_TgS_FL 8298.JPG,Tomato__Target_Spot,Tomato,target spot,22.4904325,77.12367435,7.775057497
/kaggle/input/plantdisease/PlantVillage/Tomato__Target_Spot/5d1140f5-ce1e-457a-b62b-3872b985eedd___Com.G_TgS_FL 0042.JPG,Tomato__Target_Spot,Tomato,target spot,20.19010962,75.45975655,14.15810901
/kaggle/input/plantdisease/PlantVillage/Tomato__Target_Spot/3a8d5e93-55c3-44ca-9c5a-2803cac23804___Com.G_TgS_FL 8046.JPG,Tomato__Target_Spot,Tomato,target spot,28.57845595,80.97504771,14.39937171
/kaggle/input/plantdisease/PlantVillage/Tomato__Target_Spot/1070e740-6ac0-4e66-b450-ae7ced095091___Com.G_TgS_FL 0757.JPG,Tomato__Target_Spot,Tomato,target spot,29.50746272,91.05935267,18.91937727
/kaggle/input/plantdisease/PlantVillage/Tomato__Target_Spot/71db3398-c198-486b-b2e7-1b0095dc2e37___Com.G_TgS_FL 8055.JPG,Tomato__Target_Spot,Tomato,target spot,20.28458526,79.90731171,12.72123515
/kaggle/input/plantdisease/PlantVillage/Tomato__Target_Spot/eb5f70b3-7bc8-4b2b-b2c3-26389d0ffc2f___Com.G_TgS_FL 0044.JPG,Tomato__Target_Spot,Tomato,target spot,24.31747245,86.05916474,13.27197546
/kaggle/input/plantdisease/PlantVillage/Tomato__Target_Spot/7b199548-cc65-468a-9cf7-51db805dfdeb___Com.G_TgS_FL 1068.JPG,Tomato__Target_Spot,Tomato,target spot,20.84099934,99.31429735,16.37367382
/kaggle/input/plantdisease/PlantVillage/Tomato__Target_Spot/d9dcd400-3863-447c-a365-f5b14e401aa6___Com.G_TgS_FL 9836.JPG,Tomato__Target_Spot,Tomato,target spot,18.09713366,89.66919683,11.78387512
/kaggle/input/plantdisease/PlantVillage/Tomato__Target_Spot/e896d63c-c7e2-48ef-bb32-000a35655e9a___Com.G_TgS_FL 8406.JPG,Tomato__Target_Spot,Tomato,target spot,26.97675088,81.25096169,11.48510242
/kaggle/input/plantdisease/PlantVillage/Tomato__Target_Spot/d256a215-0bb3-4269-abbd-521f98ec06e4___Com.G_TgS_FL 0756.JPG,Tomato__Target_Spot,Tomato,target spot,19.34615183,80.13164981,20.39752847
/kaggle/input/plantdisease/PlantVillage/Tomato__Target_Spot/5f373f4a-5bf8-49d2-98f0-fd0a6375e18b___Com.G_TgS_FL 8323.JPG,Tomato__Target_Spot,Tomato,target spot,26.84792228,80.888536,27.1849227
/kaggle/input/plantdisease/PlantVillage/Tomato__Target_Spot/18af92e6-44af-4996-a624-75d49c1ce3bb___Com.G_TgS_FL 0764.JPG,Tomato__Target_Spot,Tomato,target spot,26.08190014,95.8045801,20.07117856
/kaggle/input/plantdisease/PlantVillage/Tomato__Target_Spot/c9346c79-0dd0-45cc-a512-58abb339c932___Com.G_TgS_FL 8273.JPG,Tomato__Target_Spot,Tomato,target spot,18.49601997,97.0928842,30.45612222
/kaggle/input/plantdisease/PlantVillage/Tomato__Target_Spot/34aad010-a76d-43f1-aa63-261ae78d75f7___Com.G_TgS_FL 8345.JPG,Tomato__Target_Spot,Tomato,target spot,20.22029975,88.23901002,28.89607241
/kaggle/input/plantdisease/PlantVillage/Tomato__Target_Spot/b318b79f-f12a-4751-8a69-0dce96b336a0___Com.G_TgS_FL 8272.JPG,Tomato__Target_Spot,Tomato,target spot,28.96317006,91.87325958,18.95190237
/kaggle/input/plantdisease/PlantVillage/Tomato__Target_Spot/672856d5-5b7e-4bcf-b2cf-1720a7a9d9bd___Com.G_TgS_FL 8342.JPG,Tomato__Target_Spot,Tomato,target spot,27.69968888,84.29478181,26.9039096
/kaggle/input/plantdisease/PlantVillage/Tomato__Target_Spot/7fd4f12e-758d-4965-a98f-c59bb9983e31___Com.G_TgS_FL 8211.JPG,Tomato__Target_Spot,Tomato,target spot,25.99238704,94.30055278,12.3800905
/kaggle/input/plantdisease/PlantVillage/Tomato__Target_Spot/bcf39621-3b6e-4211-8676-011dae6c529e___Com.G_TgS_FL 0990.JPG,Tomato__Target_Spot,Tomato,target spot,18.81161607,94.31847197,13.7425001
/kaggle/input/plantdisease/PlantVillage/Tomato__Target_Spot/76ec71bb-3411-4af3-9224-3180cb1ec4ea___Com.G_TgS_FL 8032.JPG,Tomato__Target_Spot,Tomato,target spot,28.77685835,94.89707504,9.747412559
/kaggle/input/plantdisease/PlantVillage/Tomato__Target_Spot/812b8afb-6513-4eb3-aa8e-76270cd261df___Com.G_TgS_FL 0880.JPG,Tomato__Target_Spot,Tomato,target spot,28.25605014,85.5732021,16.82037124
/kaggle/input/plantdisease/PlantVillage/Tomato__Target_Spot/d1ef60c4-6159-46f7-a497-c150becb8997___Com.G_TgS_FL 9733.JPG,Tomato__Target_Spot,Tomato,target spot,25.9197169,98.78429714,8.318301651
/kaggle/input/plantdisease/PlantVillage/Tomato__Target_Spot/b6c42168-3ac3-44bc-85d3-fed93eececee___Com.G_TgS_FL 8281.JPG,Tomato__Target_Spot,Tomato,target spot,27.76691859,82.02742721,29.2182189
/kaggle/input/plantdisease/PlantVillage/Tomato__Target_Spot/f9769c47-1f95-49f2-aed6-7b50d15bc9c3___Com.G_TgS_FL 0026.JPG,Tomato__Target_Spot,Tomato,target spot,19.79747783,93.77706334,11.73147341
/kaggle/input/plantdisease/PlantVillage/Tomato__Target_Spot/2b9b189c-11a8-46ce-9553-acce775bd29d___Com.G_TgS_FL 9978.JPG,Tomato__Target_Spot,Tomato,target spot,21.64160016,90.88896495,17.30694794
/kaggle/input/plantdisease/PlantVillage/Tomato__Target_Spot/856076c1-50ec-478d-81a2-4cb3fd26b5af___Com.G_TgS_FL 0750.JPG,Tomato__Target_Spot,Tomato,target spot,29.22950145,99.92851638,13.1874434
/kaggle/input/plantdisease/PlantVillage/Tomato__Target_Spot/5c2ec1a6-59dc-444d-9f75-b4717229743f___Com.G_TgS_FL 7906.JPG,Tomato__Target_Spot,Tomato,target spot,26.62750908,92.40530442,7.379869992
/kaggle/input/plantdisease/PlantVillage/Tomato__Target_Spot/869801b6-ffd5-4895-82ec-91b59d4aa4de___Com.G_TgS_FL 0948.JPG,Tomato__Target_Spot,Tomato,target spot,18.91282064,92.21071354,4.690866899
/kaggle/input/plantdisease/PlantVillage/Tomato__Target_Spot/4db457b0-7f30-4fe4-a34c-8ff9535b3aa0___Com.G_TgS_FL 9793.JPG,Tomato__Target_Spot,Tomato,target spot,18.43450017,81.17085162,11.84628287
/kaggle/input/plantdisease/PlantVillage/Tomato__Target_Spot/f5034515-2e6f-43e0-abde-7f62d165b750___Com.G_TgS_FL 8127.JPG,Tomato__Target_Spot,Tomato,target spot,18.69252679,82.45672961,11.92630707
/kaggle/input/plantdisease/PlantVillage/Tomato__Target_Spot/26150f8e-52df-4b1e-b37c-01f3cfc8d746___Com.G_TgS_FL 9958.JPG,Tomato__Target_Spot,Tomato,target spot,27.36706505,85.4178357,5.509081317
/kaggle/input/plantdisease/PlantVillage/Tomato__Target_Spot/5bddbf3f-9185-472d-a837-273990a74fba___Com.G_TgS_FL 8315.JPG,Tomato__Target_Spot,Tomato,target spot,21.23657656,78.45411274,25.77689363
/kaggle/input/plantdisease/PlantVillage/Tomato__Target_Spot/57774df3-b376-461c-b88e-314106eba5ad___Com.G_TgS_FL 7886.JPG,Tomato__Target_Spot,Tomato,target spot,28.07352018,78.11336083,13.41053554
/kaggle/input/plantdisease/PlantVillage/Tomato__Target_Spot/ca7de317-7f03-4223-a880-b4e37f5be25a___Com.G_TgS_FL 8203.JPG,Tomato__Target_Spot,Tomato,target spot,23.74808785,79.49013554,11.7431265
/kaggle/input/plantdisease/PlantVillage/Tomato__Target_Spot/c4f18fad-f5ba-4833-9254-7aa2fc7f5d4d___Com.G_TgS_FL 0722.JPG,Tomato__Target_Spot,Tomato,target spot,20.12149769,91.10951484,12.93172444
/kaggle/input/plantdisease/PlantVillage/Tomato__Target_Spot/3a8eb501-7b8f-458b-8c61-ae581f5a68b9___Com.G_TgS_FL 8031.JPG,Tomato__Target_Spot,Tomato,target spot,21.87878551,94.53797938,17.2980286
/kaggle/input/plantdisease/PlantVillage/Tomato__Target_Spot/477f4bc8-26ec-4ec2-9ff4-b078f8ce32fc___Com.G_TgS_FL 0774.JPG,Tomato__Target_Spot,Tomato,target spot,26.54423525,77.72330162,21.63307341
/kaggle/input/plantdisease/PlantVillage/Tomato__Target_Spot/92f24fb5-b16e-4378-bcf6-fc5e2e1215a5___Com.G_TgS_FL 8088.JPG,Tomato__Target_Spot,Tomato,target spot,23.08097354,99.35104044,6.950696116
/kaggle/input/plantdisease/PlantVillage/Tomato__Target_Spot/ea10eb79-a300-4952-bf7b-975256cec381___Com.G_TgS_FL 9781.JPG,Tomato__Target_Spot,Tomato,target spot,21.78695844,91.70822372,9.445418395
/kaggle/input/plantdisease/PlantVillage/Tomato__Target_Spot/7bd67c4c-0d39-44c4-8d00-71a23cad441b___Com.G_TgS_FL 9881.JPG,Tomato__Target_Spot,Tomato,target spot,19.04520062,89.60755409,13.67435219
/kaggle/input/plantdisease/PlantVillage/Tomato__Target_Spot/7bfa2366-1fd0-475b-aadf-d72055b6ec29___Com.G_TgS_FL 0850.JPG,Tomato__Target_Spot,Tomato,target spot,19.65942286,98.19518345,27.13888323
/kaggle/input/plantdisease/PlantVillage/Tomato__Target_Spot/c75f0d96-d252-43ae-92ae-5de3bab757a3___Com.G_TgS_FL 8033.JPG,Tomato__Target_Spot,Tomato,target spot,21.32209053,97.19416437,21.15008183
/kaggle/input/plantdisease/PlantVillage/Tomato__Target_Spot/cb10054a-6051-42da-8e90-7172d792c44d___Com.G_TgS_FL 1043.JPG,Tomato__Target_Spot,Tomato,target spot,23.08090236,75.66633797,27.03835186
/kaggle/input/plantdisease/PlantVillage/Tomato__Target_Spot/7983eb58-6dce-4cb5-9ec0-e44cafbc41c9___Com.G_TgS_FL 0923.JPG,Tomato__Target_Spot,Tomato,target spot,29.50561714,81.59935094,19.01785438
/kaggle/input/plantdisease/PlantVillage/Tomato__Target_Spot/79bcaca1-79ca-4f91-9b00-271062e9cb62___Com.G_TgS_FL 8400.JPG,Tomato__Target_Spot,Tomato,target spot,21.6314614,85.3579708,11.59490017
/kaggle/input/plantdisease/PlantVillage/Tomato__Target_Spot/789f463a-7f74-4fc4-9eb7-b8a8c3bd3786___Com.G_TgS_FL 1052.JPG,Tomato__Target_Spot,Tomato,target spot,22.66883063,78.88739444,13.68383346
/kaggle/input/plantdisease/PlantVillage/Tomato__Target_Spot/502048b3-912d-4930-9dba-e2b6de5399ee___Com.G_TgS_FL 7868.JPG,Tomato__Target_Spot,Tomato,target spot,29.95257029,94.1795824,18.93788315
/kaggle/input/plantdisease/PlantVillage/Tomato__Target_Spot/f551fe31-b0e2-4526-b22d-4e3dc1181efa___Com.G_TgS_FL 0052.JPG,Tomato__Target_Spot,Tomato,target spot,29.7381245,90.3233372,10.08058385
/kaggle/input/plantdisease/PlantVillage/Tomato__Target_Spot/f68ed4ee-2952-442a-bdcf-ea614e9b0058___Com.G_TgS_FL 8338.JPG,Tomato__Target_Spot,Tomato,target spot,27.00977126,97.53770138,21.91064459
/kaggle/input/plantdisease/PlantVillage/Tomato__Target_Spot/c84b010c-4743-4ec9-a22b-8bd6c2b74b69___Com.G_TgS_FL 0888.JPG,Tomato__Target_Spot,Tomato,target spot,24.56486785,95.6326104,17.02447472
/kaggle/input/plantdisease/PlantVillage/Tomato__Target_Spot/df537b68-86d4-4bdb-9c92-1fee207aac5c___Com.G_TgS_FL 0941.JPG,Tomato__Target_Spot,Tomato,target spot,18.72920691,81.1370261,15.01514769
/kaggle/input/plantdisease/PlantVillage/Tomato__Target_Spot/fd0c3abc-58f6-4aea-8d0e-7bcb52f996fa___Com.G_TgS_FL 8068.JPG,Tomato__Target_Spot,Tomato,target spot,19.25431381,95.30546464,15.44472254
/kaggle/input/plantdisease/PlantVillage/Tomato__Target_Spot/8123aa86-c88b-428b-8fa5-f4ebbe16a60b___Com.G_TgS_FL 0834.JPG,Tomato__Target_Spot,Tomato,target spot,18.07653219,89.69710754,23.73436394
/kaggle/input/plantdisease/PlantVillage/Tomato__Target_Spot/1a8e252e-a75b-4d39-9dfb-e09434029183___Com.G_TgS_FL 0711.JPG,Tomato__Target_Spot,Tomato,target spot,23.20156603,91.77145308,14.69438522
/kaggle/input/plantdisease/PlantVillage/Tomato__Target_Spot/fac15e88-8950-4637-9bdc-26bca1e3ae8e___Com.G_TgS_FL 8169.JPG,Tomato__Target_Spot,Tomato,target spot,21.6675345,92.99114268,25.66306578
/kaggle/input/plantdisease/PlantVillage/Tomato__Target_Spot/37fbfab6-0bb9-4b4a-9094-ee71418d8abd___Com.G_TgS_FL 1016.JPG,Tomato__Target_Spot,Tomato,target spot,21.04532511,80.53135989,17.29817822
/kaggle/input/plantdisease/PlantVillage/Tomato__Target_Spot/d4d1505c-7798-4961-a44a-c190c3dd2b55___Com.G_TgS_FL 9997.JPG,Tomato__Target_Spot,Tomato,target spot,23.81484453,96.45479768,16.43376414
/kaggle/input/plantdisease/PlantVillage/Tomato__Target_Spot/1a3fba97-a09e-48f3-b74e-fe060a03f39b___Com.G_TgS_FL 0856.JPG,Tomato__Target_Spot,Tomato,target spot,23.61499909,84.09039011,21.49004357
/kaggle/input/plantdisease/PlantVillage/Tomato__Target_Spot/86755421-2778-4912-ad6e-5b58132dbf61___Com.G_TgS_FL 8320.JPG,Tomato__Target_Spot,Tomato,target spot,18.80644731,86.87327835,23.53441916
/kaggle/input/plantdisease/PlantVillage/Tomato__Target_Spot/83fc02cd-8d12-4c82-92fa-ec58feb5a17f___Com.G_TgS_FL 1004.JPG,Tomato__Target_Spot,Tomato,target spot,21.52271929,99.35093891,22.61287156
/kaggle/input/plantdisease/PlantVillage/Tomato__Target_Spot/1a519d98-24e1-48bc-af8b-1e9c6ede95e8___Com.G_TgS_FL 9678.JPG,Tomato__Target_Spot,Tomato,target spot,26.39254126,91.03427376,6.957502821
/kaggle/input/plantdisease/PlantVillage/Tomato__Target_Spot/db55d360-92e1-4119-ae83-fd0ab12a008b___Com.G_TgS_FL 9704.JPG,Tomato__Target_Spot,Tomato,target spot,29.99243921,89.92423353,11.15380548
/kaggle/input/plantdisease/PlantVillage/Tomato__Target_Spot/ce39b8cf-1704-4359-b4bf-7398b168a850___Com.G_TgS_FL 1011.JPG,Tomato__Target_Spot,Tomato,target spot,22.58918191,96.23302319,16.62622134
/kaggle/input/plantdisease/PlantVillage/Tomato__Target_Spot/887c764a-d253-44c5-bc81-16fc1782cfd9___Com.G_TgS_FL 9957.JPG,Tomato__Target_Spot,Tomato,target spot,22.76690131,99.83422368,5.280034203
/kaggle/input/plantdisease/PlantVillage/Tomato__Target_Spot/af120bd7-a1ad-44e4-bfc5-ddd53f1ef792___Com.G_TgS_FL 8240.JPG,Tomato__Target_Spot,Tomato,target spot,25.6434619,81.27762734,14.56714018
/kaggle/input/plantdisease/PlantVillage/Tomato__Target_Spot/b609cf94-4fc0-495c-84c7-ce84354ffc5f___Com.G_TgS_FL 8343.JPG,Tomato__Target_Spot,Tomato,target spot,19.9482511,78.04985208,23.1139008
/kaggle/input/plantdisease/PlantVillage/Tomato__Target_Spot/abc39d6e-1940-4da7-b324-6a77c19927dc___Com.G_TgS_FL 0684.JPG,Tomato__Target_Spot,Tomato,target spot,21.66442098,96.18771148,18.33529371
/kaggle/input/plantdisease/PlantVillage/Tomato__Target_Spot/5d25ccac-17ed-43eb-a510-f030932706ba___Com.G_TgS_FL 7888.JPG,Tomato__Target_Spot,Tomato,target spot,25.46332815,94.83172859,11.02812102
/kaggle/input/plantdisease/PlantVillage/Tomato__Target_Spot/15f2395b-7130-456a-8ad6-858481c5bf77___Com.G_TgS_FL 0960.JPG,Tomato__Target_Spot,Tomato,target spot,28.69010063,97.56914642,21.2073526
/kaggle/input/plantdisease/PlantVillage/Tomato__Target_Spot/0750d00e-3dcd-47cf-8c99-096b3d4cecda___Com.G_TgS_FL 9828.JPG,Tomato__Target_Spot,Tomato,target spot,25.10821243,83.43377062,10.02349527
/kaggle/input/plantdisease/PlantVillage/Tomato__Target_Spot/3f56fdf7-aa72-42e5-9add-2ecdf310a32f___Com.G_TgS_FL 7959.JPG,Tomato__Target_Spot,Tomato,target spot,25.82296007,80.61956127,11.14997668
/kaggle/input/plantdisease/PlantVillage/Tomato__Target_Spot/7573f1cd-8d38-49f0-9ae3-18a3bd4213e6___Com.G_TgS_FL 0938.JPG,Tomato__Target_Spot,Tomato,target spot,19.03675406,77.51848055,12.17315695
/kaggle/input/plantdisease/PlantVillage/Tomato__Target_Spot/b2bf7586-9182-403a-b639-2eb26a2440b4___Com.G_TgS_FL 9688.JPG,Tomato__Target_Spot,Tomato,target spot,28.63376614,91.78188018,6.008737377
/kaggle/input/plantdisease/PlantVillage/Tomato__Target_Spot/08b9a677-e59f-4f3b-a4ff-325d211abdd2___Com.G_TgS_FL 1126.JPG,Tomato__Target_Spot,Tomato,target spot,22.21851459,94.05206613,14.48190171
/kaggle/input/plantdisease/PlantVillage/Tomato__Target_Spot/2727cb2d-0e0d-4179-a0f8-95788e9cc1c3___Com.G_TgS_FL 8303.JPG,Tomato__Target_Spot,Tomato,target spot,24.06593683,75.29414035,33.03988441
/kaggle/input/plantdisease/PlantVillage/Tomato__Target_Spot/f01a8609-e4be-4450-a889-509ca769c227___Com.G_TgS_FL 9708.JPG,Tomato__Target_Spot,Tomato,target spot,29.37760123,81.92797083,11.67691645
/kaggle/input/plantdisease/PlantVillage/Tomato__Target_Spot/9f1ddd8c-a80d-4869-8cea-09b78bd16eb4___Com.G_TgS_FL 9987.JPG,Tomato__Target_Spot,Tomato,target spot,23.58252064,98.81455072,7.015444855
/kaggle/input/plantdisease/PlantVillage/Tomato__Target_Spot/6c750a22-e196-4476-a5da-f4eeab43d9b0___Com.G_TgS_FL 8052.JPG,Tomato__Target_Spot,Tomato,target spot,19.4635784,77.84013135,18.54916356
/kaggle/input/plantdisease/PlantVillage/Tomato__Target_Spot/8f675e4c-4511-47dd-9a01-41a8fe736dd4___Com.G_TgS_FL 8079.JPG,Tomato__Target_Spot,Tomato,target spot,29.15728451,83.08339143,12.11030444
/kaggle/input/plantdisease/PlantVillage/Tomato__Target_Spot/a9513759-256d-427e-824f-de6585f9c7fb___Com.G_TgS_FL 8252.JPG,Tomato__Target_Spot,Tomato,target spot,19.98034644,80.2204786,19.22344477
